response,tissue,method,repeats,mse_mean,mse_sd
JAM2,brain_amygdala,ARMUL,20,0.2744180414741411,0.03512512586931568
JAM2,brain_amygdala,COVER,20,0.27175467357210775,0.037139428834215144
JAM2,brain_amygdala,FLARCC,20,0.2778497921439227,0.03360526897090388
JAM2,brain_amygdala,HPS,20,0.28034783303169625,0.04028839021995547
JAM2,brain_amygdala,MMoE,20,0.34581809570595384,0.08439154091357352
JAM2,brain_amygdala,Pool,20,0.32038334123330786,0.023707494033391972
JAM2,brain_amygdala,STL,20,0.33058719314665574,0.04993325425264944
JAM2,brain_anterior_cingulate_cortex_ba24,ARMUL,20,0.40699173144008827,0.03904323971846521
JAM2,brain_anterior_cingulate_cortex_ba24,COVER,20,0.4136443126981081,0.040522838373182886
JAM2,brain_anterior_cingulate_cortex_ba24,FLARCC,20,0.4123058823495997,0.04778989073218919
JAM2,brain_anterior_cingulate_cortex_ba24,HPS,20,0.4219027057552352,0.043861962296281254
JAM2,brain_anterior_cingulate_cortex_ba24,MMoE,20,0.5036447740246041,0.060228968289497885
JAM2,brain_anterior_cingulate_cortex_ba24,Pool,20,0.4764937602552474,0.027470764760814798
JAM2,brain_anterior_cingulate_cortex_ba24,STL,20,0.5160861176577993,0.05990736944261426
JAM2,brain_caudate_basal_ganglia,ARMUL,20,0.21910354252960343,0.014881278480260976
JAM2,brain_caudate_basal_ganglia,COVER,20,0.21973679443849573,0.019634625728805498
JAM2,brain_caudate_basal_ganglia,FLARCC,20,0.22180167888739705,0.01730902260989154
JAM2,brain_caudate_basal_ganglia,HPS,20,0.21722915157665357,0.014924222909827456
JAM2,brain_caudate_basal_ganglia,MMoE,20,0.23456218843610088,0.015112763850075681
JAM2,brain_caudate_basal_ganglia,Pool,20,0.2592215757079385,0.012059864393917551
JAM2,brain_caudate_basal_ganglia,STL,20,0.24900144544879743,0.01735772572889457
JAM2,brain_cerebellar_hemisphere,ARMUL,20,0.13798343606580993,0.011817887857273127
JAM2,brain_cerebellar_hemisphere,COVER,20,0.13815635543812058,0.011867416601229062
JAM2,brain_cerebellar_hemisphere,FLARCC,20,0.13759154109014604,0.011336757277174966
JAM2,brain_cerebellar_hemisphere,HPS,20,0.13371148764443364,0.010180675137931456
JAM2,brain_cerebellar_hemisphere,MMoE,20,0.13684116201515245,0.012204598349616604
JAM2,brain_cerebellar_hemisphere,Pool,20,0.18054637107752844,0.01585669656299067
JAM2,brain_cerebellar_hemisphere,STL,20,0.13538260407877567,0.012717466489942876
JAM2,brain_cerebellum,ARMUL,20,0.2253814019700171,0.020026494149306302
JAM2,brain_cerebellum,COVER,20,0.22038991072410402,0.017096378296555675
JAM2,brain_cerebellum,FLARCC,20,0.22540549845350974,0.020361834606063306
JAM2,brain_cerebellum,HPS,20,0.22358438594076588,0.02176763281820304
JAM2,brain_cerebellum,MMoE,20,0.23209064241499422,0.028771038820728265
JAM2,brain_cerebellum,Pool,20,0.2782578283759996,0.01717887644942561
JAM2,brain_cerebellum,STL,20,0.2336495367502643,0.023547557300162426
JAM2,brain_cortex,ARMUL,20,0.4188296828090327,0.030877698875041885
JAM2,brain_cortex,COVER,20,0.4200849120856372,0.032100162689873056
JAM2,brain_cortex,FLARCC,20,0.42828738379613923,0.033439080739473166
JAM2,brain_cortex,HPS,20,0.4275463867717276,0.03408248611288501
JAM2,brain_cortex,MMoE,20,0.4483043424348879,0.038621424643320565
JAM2,brain_cortex,Pool,20,0.44985510785547833,0.030372809396083694
JAM2,brain_cortex,STL,20,0.4541415568985393,0.03014655293129732
JAM2,brain_frontal_cortex_ba9,ARMUL,20,0.4352581485969417,0.027990430836704706
JAM2,brain_frontal_cortex_ba9,COVER,20,0.4316992807386952,0.027039838867139565
JAM2,brain_frontal_cortex_ba9,FLARCC,20,0.4450049189030696,0.029393915858483444
JAM2,brain_frontal_cortex_ba9,HPS,20,0.44229161007737544,0.029952383132986128
JAM2,brain_frontal_cortex_ba9,MMoE,20,0.48072703588913146,0.03639283598085928
JAM2,brain_frontal_cortex_ba9,Pool,20,0.4823688171114006,0.04146238117768899
JAM2,brain_frontal_cortex_ba9,STL,20,0.5140356722848507,0.028325980741932037
JAM2,brain_hypothalamus,ARMUL,20,0.3144339547998495,0.02731749864249893
JAM2,brain_hypothalamus,COVER,20,0.3150953685998836,0.02535685202872255
JAM2,brain_hypothalamus,FLARCC,20,0.325197202832046,0.029932648054909604
JAM2,brain_hypothalamus,HPS,20,0.3243825536639844,0.029603957415172355
JAM2,brain_hypothalamus,MMoE,20,0.36239441958130053,0.03490330766601707
JAM2,brain_hypothalamus,Pool,20,0.3243149172003131,0.02415651890280641
JAM2,brain_hypothalamus,STL,20,0.3592992934675562,0.021943769321390274
JAM2,brain_nucleus_accumbens_basal_ganglia,ARMUL,20,0.27029791357018734,0.013445522383096825
JAM2,brain_nucleus_accumbens_basal_ganglia,COVER,20,0.2701968525700716,0.013739346296567303
JAM2,brain_nucleus_accumbens_basal_ganglia,FLARCC,20,0.2783317546220731,0.015389426029215092
JAM2,brain_nucleus_accumbens_basal_ganglia,HPS,20,0.2769973329102433,0.015811155061013462
JAM2,brain_nucleus_accumbens_basal_ganglia,MMoE,20,0.30799912775707733,0.02149098213565755
JAM2,brain_nucleus_accumbens_basal_ganglia,Pool,20,0.2885014822023922,0.016246235070861103
JAM2,brain_nucleus_accumbens_basal_ganglia,STL,20,0.32918977068367605,0.016113786021090072
JAM2,brain_putamen_basal_ganglia,ARMUL,20,0.209027359772659,0.01414946336920462
JAM2,brain_putamen_basal_ganglia,COVER,20,0.21098663926313174,0.015251858651748497
JAM2,brain_putamen_basal_ganglia,FLARCC,20,0.2120874232757417,0.014304484237952803
JAM2,brain_putamen_basal_ganglia,HPS,20,0.20902063982859803,0.015762053344812763
JAM2,brain_putamen_basal_ganglia,MMoE,20,0.21751051004241,0.022623886751933612
JAM2,brain_putamen_basal_ganglia,Pool,20,0.23583762743135783,0.014510388044622678
JAM2,brain_putamen_basal_ganglia,STL,20,0.23104541634169906,0.02125357441756216
JAM2,brain_spinal_cord_cervical_c-1,ARMUL,20,0.1752709949071351,0.019560526991137885
JAM2,brain_spinal_cord_cervical_c-1,COVER,20,0.1772770895872595,0.022447457267806947
JAM2,brain_spinal_cord_cervical_c-1,FLARCC,20,0.1795082967925596,0.02214194102319647
JAM2,brain_spinal_cord_cervical_c-1,HPS,20,0.1726327272281557,0.018370234942877938
JAM2,brain_spinal_cord_cervical_c-1,MMoE,20,0.18340384805401092,0.01928876514809143
JAM2,brain_spinal_cord_cervical_c-1,Pool,20,0.1965708326818341,0.017174523828013877
JAM2,brain_spinal_cord_cervical_c-1,STL,20,0.18959991512194663,0.013701088066048184
SH2D2A,brain_amygdala,ARMUL,20,1.2679528729418024,0.23969231844944744
SH2D2A,brain_amygdala,COVER,20,1.2565776792880408,0.23861159180111527
SH2D2A,brain_amygdala,FLARCC,20,1.2699609575160742,0.24385900323077125
SH2D2A,brain_amygdala,HPS,20,1.278626653902563,0.25593080359704024
SH2D2A,brain_amygdala,MMoE,20,1.3729975250183992,0.25991967361566526
SH2D2A,brain_amygdala,Pool,20,1.2426897830481711,0.1972265080150291
SH2D2A,brain_amygdala,STL,20,1.476335598505766,0.3784880345399072
SH2D2A,brain_anterior_cingulate_cortex_ba24,ARMUL,20,0.9931679907733015,0.19500716601263077
SH2D2A,brain_anterior_cingulate_cortex_ba24,COVER,20,0.9919664151029052,0.18166186216264318
SH2D2A,brain_anterior_cingulate_cortex_ba24,FLARCC,20,1.024614870313727,0.20771804637479074
SH2D2A,brain_anterior_cingulate_cortex_ba24,HPS,20,1.0381251896359724,0.20440769446849275
SH2D2A,brain_anterior_cingulate_cortex_ba24,MMoE,20,1.3045991050879282,0.27771524402439596
SH2D2A,brain_anterior_cingulate_cortex_ba24,Pool,20,0.9910474066301388,0.17984360896932516
SH2D2A,brain_anterior_cingulate_cortex_ba24,STL,20,1.3605573836677625,0.20442804257080105
SH2D2A,brain_caudate_basal_ganglia,ARMUL,20,0.5992841577813135,0.03845668183089061
SH2D2A,brain_caudate_basal_ganglia,COVER,20,0.5948620413054745,0.031729222315266835
SH2D2A,brain_caudate_basal_ganglia,FLARCC,20,0.6051947467989922,0.03466033011575106
SH2D2A,brain_caudate_basal_ganglia,HPS,20,0.6073734217124145,0.03267221732657188
SH2D2A,brain_caudate_basal_ganglia,MMoE,20,0.6507750964371001,0.04499950165594466
SH2D2A,brain_caudate_basal_ganglia,Pool,20,0.5965065895431608,0.03759076236157832
SH2D2A,brain_caudate_basal_ganglia,STL,20,0.6706328192127045,0.03695470208177969
SH2D2A,brain_cerebellar_hemisphere,ARMUL,20,0.6645502264658426,0.04467189442869806
SH2D2A,brain_cerebellar_hemisphere,COVER,20,0.6691633224855269,0.05761180689673401
SH2D2A,brain_cerebellar_hemisphere,FLARCC,20,0.6681959834010562,0.050336973091441174
SH2D2A,brain_cerebellar_hemisphere,HPS,20,0.6718484486855111,0.0561362843148554
SH2D2A,brain_cerebellar_hemisphere,MMoE,20,0.7180643460957956,0.0640310483605238
SH2D2A,brain_cerebellar_hemisphere,Pool,20,0.644967379288293,0.05531576517804072
SH2D2A,brain_cerebellar_hemisphere,STL,20,0.741945379489644,0.08799955982739774
SH2D2A,brain_cerebellum,ARMUL,20,0.5246741452426864,0.030939678039648647
SH2D2A,brain_cerebellum,COVER,20,0.5289351056194942,0.03170814238319728
SH2D2A,brain_cerebellum,FLARCC,20,0.5368790132876242,0.029369804901233008
SH2D2A,brain_cerebellum,HPS,20,0.5317742611610654,0.03158463559697056
SH2D2A,brain_cerebellum,MMoE,20,0.5507727725065188,0.036942663497966294
SH2D2A,brain_cerebellum,Pool,20,0.5252056956413542,0.028571469864768894
SH2D2A,brain_cerebellum,STL,20,0.5568784033134636,0.0368131568120852
SH2D2A,brain_cortex,ARMUL,20,0.5274437797664254,0.04021111479525354
SH2D2A,brain_cortex,COVER,20,0.5251967091886518,0.03461206020684543
SH2D2A,brain_cortex,FLARCC,20,0.5272332333651695,0.03379726772123161
SH2D2A,brain_cortex,HPS,20,0.529207718250664,0.03603535237472942
SH2D2A,brain_cortex,MMoE,20,0.5421201735006839,0.03518002445695903
SH2D2A,brain_cortex,Pool,20,0.5151400959462541,0.028055848186942074
SH2D2A,brain_cortex,STL,20,0.5685120992310169,0.03600865905747483
SH2D2A,brain_frontal_cortex_ba9,ARMUL,20,0.4739888296960363,0.03213738231868326
SH2D2A,brain_frontal_cortex_ba9,COVER,20,0.4802460789162333,0.03754650922281248
SH2D2A,brain_frontal_cortex_ba9,FLARCC,20,0.47896301372501665,0.03339783336635168
SH2D2A,brain_frontal_cortex_ba9,HPS,20,0.48180835351479684,0.03675464792973301
SH2D2A,brain_frontal_cortex_ba9,MMoE,20,0.513366213388768,0.06845706491789516
SH2D2A,brain_frontal_cortex_ba9,Pool,20,0.47672660314301496,0.036605877389828706
SH2D2A,brain_frontal_cortex_ba9,STL,20,0.5331291477717127,0.0488720722714884
SH2D2A,brain_hypothalamus,ARMUL,20,0.6444183143153479,0.07588190029181241
SH2D2A,brain_hypothalamus,COVER,20,0.6446833006711581,0.06221462677295033
SH2D2A,brain_hypothalamus,FLARCC,20,0.6485381718218969,0.08145655263512996
SH2D2A,brain_hypothalamus,HPS,20,0.660020232042229,0.08294821082250284
SH2D2A,brain_hypothalamus,MMoE,20,0.7158021140700038,0.09886949801422748
SH2D2A,brain_hypothalamus,Pool,20,0.6258634658425511,0.0734668042333452
SH2D2A,brain_hypothalamus,STL,20,0.769281781062358,0.07259908803954274
SH2D2A,brain_nucleus_accumbens_basal_ganglia,ARMUL,20,0.6557740735755935,0.04401639751246612
SH2D2A,brain_nucleus_accumbens_basal_ganglia,COVER,20,0.6578200020844734,0.04350442525861824
SH2D2A,brain_nucleus_accumbens_basal_ganglia,FLARCC,20,0.6605520467647424,0.042362418192534494
SH2D2A,brain_nucleus_accumbens_basal_ganglia,HPS,20,0.6538854270960601,0.04130013689272605
SH2D2A,brain_nucleus_accumbens_basal_ganglia,MMoE,20,0.6944408516728238,0.056224772683222346
SH2D2A,brain_nucleus_accumbens_basal_ganglia,Pool,20,0.680119452764208,0.05070522541483068
SH2D2A,brain_nucleus_accumbens_basal_ganglia,STL,20,0.7205471404796857,0.0492640702949239
SH2D2A,brain_putamen_basal_ganglia,ARMUL,20,0.5337734349767765,0.0505484163830842
SH2D2A,brain_putamen_basal_ganglia,COVER,20,0.5236210527185045,0.04816930758152045
SH2D2A,brain_putamen_basal_ganglia,FLARCC,20,0.5359584312871986,0.04784496441137249
SH2D2A,brain_putamen_basal_ganglia,HPS,20,0.5403860168737249,0.04153929575297079
SH2D2A,brain_putamen_basal_ganglia,MMoE,20,0.5540194526582162,0.056778108610003396
SH2D2A,brain_putamen_basal_ganglia,Pool,20,0.5351155990753881,0.04471205804342326
SH2D2A,brain_putamen_basal_ganglia,STL,20,0.5959878684412473,0.0668273708810015
SH2D2A,brain_spinal_cord_cervical_c-1,ARMUL,20,0.6295339147141036,0.0572253223370518
SH2D2A,brain_spinal_cord_cervical_c-1,COVER,20,0.6092277746698377,0.03504330484557737
SH2D2A,brain_spinal_cord_cervical_c-1,FLARCC,20,0.6194235244355892,0.03392964666521869
SH2D2A,brain_spinal_cord_cervical_c-1,HPS,20,0.6170136839976982,0.03903000966481288
SH2D2A,brain_spinal_cord_cervical_c-1,MMoE,20,0.6359941144705383,0.06247516363508137
SH2D2A,brain_spinal_cord_cervical_c-1,Pool,20,0.6316634269364216,0.04476712292076701
SH2D2A,brain_spinal_cord_cervical_c-1,STL,20,0.6353635766929743,0.034641874273596863
