axis,value,method,excess_mse_n,excess_mse_mean,excess_mse_sd,excess_mse_se,deviation_mse_n,deviation_mse_mean,deviation_mse_sd,deviation_mse_se,selected_coupling_n,selected_coupling_mean,selected_coupling_sd,selected_coupling_se,normalized_overlap_strength_n,normalized_overlap_strength_mean,normalized_overlap_strength_sd,normalized_overlap_strength_se,overlap_energy_n,overlap_energy_mean,overlap_energy_sd,overlap_energy_se,supported_contrast_fraction_n,supported_contrast_fraction_mean,supported_contrast_fraction_sd,supported_contrast_fraction_se
covariate,0.001,Average-Moment,100,0.11487870965606975,0.007491424920038875,0.0007491424920038875,100,0.8629209861029665,0.1913247779176102,0.01913247779176102,100,0.606,0.3692252330587289,0.03692252330587289,100,0.16591701738098805,3.812824486240344e-05,3.812824486240344e-06,100,0.04377525837708534,7.626610954520223e-05,7.626610954520224e-06,100,0.03277958751020461,5.672954499407931e-05,5.672954499407931e-06
covariate,0.001,COVER,100,0.1058572793961685,0.007057763947020701,0.0007057763947020702,100,0.6672474231617774,0.07852995845578899,0.007852995845578898,100,1.84,0.9920899274977165,0.09920899274977166,100,0.16591701738098805,3.812824486240344e-05,3.812824486240344e-06,100,0.04377525837708534,7.626610954520223e-05,7.626610954520224e-06,100,0.03277958751020461,5.672954499407931e-05,5.672954499407931e-06
covariate,0.001,HPS,100,0.13108898284119072,0.009408401612606374,0.0009408401612606374,100,0.2803590229515896,0.04049962480892352,0.004049962480892353,100,0.0,0.0,0.0,100,0.16591701738098805,3.812824486240344e-05,3.812824486240344e-06,100,0.04377525837708534,7.626610954520223e-05,7.626610954520224e-06,100,0.03277958751020461,5.672954499407931e-05,5.672954499407931e-06
covariate,0.03,Average-Moment,100,0.18066332143939198,0.008356261240909912,0.0008356261240909912,100,0.2214745356640146,0.024644424331769256,0.0024644424331769256,100,0.4814,3.143908980356727,0.3143908980356727,100,0.4964809378271717,0.000544694451769646,5.44694451769646e-05,100,0.3750826174530229,0.0016782089346345087,0.00016782089346345088,100,0.26642863869479994,0.0011190513620778502,0.00011190513620778502
covariate,0.03,COVER,100,0.17751674933762793,0.008886612428059309,0.0008886612428059309,100,0.22699564074676817,0.023203717480477035,0.0023203717480477035,100,0.24169999999999997,0.12512664291699338,0.012512664291699338,100,0.4964809378271717,0.000544694451769646,5.44694451769646e-05,100,0.3750826174530229,0.0016782089346345087,0.00016782089346345088,100,0.26642863869479994,0.0011190513620778502,0.00011190513620778502
covariate,0.03,HPS,100,0.18693967244282333,0.009120635731915648,0.0009120635731915648,100,0.20817889963736405,0.017425858943634156,0.0017425858943634156,100,0.0,0.0,0.0,100,0.4964809378271717,0.000544694451769646,5.44694451769646e-05,100,0.3750826174530229,0.0016782089346345087,0.00016782089346345088,100,0.26642863869479994,0.0011190513620778502,0.00011190513620778502
covariate,0.1,Average-Moment,100,0.22408444068991915,0.010486999833676437,0.0010486999833676438,100,0.2121497094050593,0.012379167486290796,0.0012379167486290797,100,1.724,10.499892255339452,1.0499892255339451,100,0.7895321890104456,0.0005585619645767995,5.5856196457679946e-05,100,0.9115056882730902,0.003943418692105985,0.0003943418692105985,100,0.5880199401816817,0.0020650555761390823,0.00020650555761390823
covariate,0.1,COVER,100,0.2218988600900358,0.010311339209243422,0.0010311339209243423,100,0.2087148968712578,0.011572441868575267,0.0011572441868575266,100,2.6836,14.352074042915657,1.4352074042915657,100,0.7895321890104456,0.0005585619645767995,5.5856196457679946e-05,100,0.9115056882730902,0.003943418692105985,0.0003943418692105985,100,0.5880199401816817,0.0020650555761390823,0.00020650555761390823
covariate,0.1,HPS,100,0.23140649266307053,0.011490739009574409,0.0011490739009574408,100,0.21542996955678148,0.011841894732805449,0.001184189473280545,100,0.0,0.0,0.0,100,0.7895321890104456,0.0005585619645767995,5.5856196457679946e-05,100,0.9115056882730902,0.003943418692105985,0.0003943418692105985,100,0.5880199401816817,0.0020650555761390823,0.00020650555761390823
covariate,0.3,Average-Moment,100,0.2752385295903828,0.010441972864339389,0.0010441972864339388,100,0.234648958031893,0.009276395076312402,0.0009276395076312403,100,2.7388,14.378982085606122,1.4378982085606122,100,0.9585805554632381,0.00025625405953665385,2.5625405953665384e-05,100,1.6168128175927043,0.0051206815365156194,0.0005120681536515619,100,0.8898642461882923,0.001574464600062844,0.00015744646000628442
covariate,0.3,COVER,100,0.2737280070193563,0.010079706057955188,0.0010079706057955187,100,0.23267002101066833,0.009348960792072387,0.0009348960792072387,100,1.9178,10.561063286306627,1.0561063286306627,100,0.9585805554632381,0.00025625405953665385,2.5625405953665384e-05,100,1.6168128175927043,0.0051206815365156194,0.0005120681536515619,100,0.8898642461882923,0.001574464600062844,0.00015744646000628442
covariate,0.3,HPS,100,0.28354744939081367,0.011321200786115072,0.0011321200786115072,100,0.24583427703365857,0.01131970694096034,0.001131970694096034,100,0.0,0.0,0.0,100,0.9585805554632381,0.00025625405953665385,2.5625405953665384e-05,100,1.6168128175927043,0.0051206815365156194,0.0005120681536515619,100,0.8898642461882923,0.001574464600062844,0.00015744646000628442
covariate,1.0,Average-Moment,100,0.4159377453397164,0.015363079022729102,0.0015363079022729102,100,0.2998304288664645,0.013426427921487903,0.0013426427921487904,100,0.4214,3.002006406496572,0.30020064064965724,100,0.9989888291540869,3.737505768107603e-05,3.737505768107603e-06,100,2.170937588718084,0.004770920487948734,0.0004770920487948734,100,0.9981473907719974,0.00017667087018215629,1.766708701821563e-05
covariate,1.0,COVER,100,0.4158895291943513,0.014817542120632294,0.0014817542120632294,100,0.3002350650763245,0.013217416826124328,0.0013217416826124327,100,0.1648,0.41778028153128965,0.04177802815312896,100,0.9989888291540869,3.737505768107603e-05,3.737505768107603e-06,100,2.170937588718084,0.004770920487948734,0.0004770920487948734,100,0.9981473907719974,0.00017667087018215629,1.766708701821563e-05
covariate,1.0,HPS,100,0.43311431769425274,0.018572209778647628,0.0018572209778647628,100,0.3060486749241105,0.016325692267913538,0.0016325692267913539,100,0.0,0.0,0.0,100,0.9989888291540869,3.737505768107603e-05,3.737505768107603e-06,100,2.170937588718084,0.004770920487948734,0.0004770920487948734,100,0.9981473907719974,0.00017667087018215629,1.766708701821563e-05
posterior,0.0,Average-Moment,100,0.05937405541239234,0.00396569898437782,0.000396569898437782,100,0.04752605699999033,0.004013133704672555,0.0004013133704672555,100,0.38299999999999995,0.3259965296958503,0.03259965296958503,100,0.16591711916998875,3.1023198257389636e-05,3.1023198257389636e-06,100,0.0314108173912028,2.632502345191577e-06,2.632502345191577e-07,100,0.2923895580538378,2.269703541346474e-05,2.269703541346474e-06
posterior,0.0,COVER,100,0.059421385221542694,0.003950779882881594,0.0003950779882881594,100,0.04646055362867731,0.005001555994792278,0.0005001555994792277,100,0.85,1.0364566678074023,0.10364566678074023,100,0.16591711916998875,3.1023198257389636e-05,3.1023198257389636e-06,100,0.0314108173912028,2.632502345191577e-06,2.632502345191577e-07,100,0.2923895580538378,2.269703541346474e-05,2.269703541346474e-06
posterior,0.0,HPS,100,0.07360715810653759,0.005339400737566501,0.0005339400737566501,100,0.07613182723606025,0.0067197112544390165,0.0006719711254439016,100,0.0,0.0,0.0,100,0.16591711916998875,3.1023198257389636e-05,3.1023198257389636e-06,100,0.0314108173912028,2.632502345191577e-06,2.632502345191577e-07,100,0.2923895580538378,2.269703541346474e-05,2.269703541346474e-06
posterior,0.25,Average-Moment,100,0.06364044185144589,0.004115840097695213,0.0004115840097695213,100,0.0865349039536421,0.006875437154787647,0.0006875437154787647,100,0.321,0.1200126255984357,0.01200126255984357,100,0.16591711916998875,3.1023198257389636e-05,3.1023198257389636e-06,100,0.0321836547752066,5.985577119128712e-06,5.985577119128712e-07,100,0.17474125385310274,3.127091116095169e-05,3.1270911160951693e-06
posterior,0.25,COVER,100,0.0634633345065875,0.0042139734636012175,0.00042139734636012174,100,0.08695492138080242,0.006529538780136983,0.0006529538780136984,100,0.838,0.9848119340536777,0.09848119340536778,100,0.16591711916998875,3.1023198257389636e-05,3.1023198257389636e-06,100,0.0321836547752066,5.985577119128712e-06,5.985577119128712e-07,100,0.17474125385310274,3.127091116095169e-05,3.1270911160951693e-06
posterior,0.25,HPS,100,0.07786872885373732,0.00577701202295313,0.000577701202295313,100,0.10716187039044568,0.010126660940801351,0.0010126660940801351,100,0.0,0.0,0.0,100,0.16591711916998875,3.1023198257389636e-05,3.1023198257389636e-06,100,0.0321836547752066,5.985577119128712e-06,5.985577119128712e-07,100,0.17474125385310274,3.127091116095169e-05,3.1270911160951693e-06
posterior,0.5,Average-Moment,100,0.07540049761435165,0.004582680840114459,0.0004582680840114459,100,0.1996404800491452,0.022735261367461592,0.002273526136746159,100,0.319,0.1220158956360965,0.012201589563609649,100,0.16591711916998875,3.1023198257389636e-05,3.1023198257389636e-06,100,0.034502166927218005,1.9825669888473293e-05,1.9825669888473294e-06,100,0.08325174644598193,4.70250215805099e-05,4.7025021580509896e-06
posterior,0.5,COVER,100,0.0752080112220483,0.004930364288486816,0.0004930364288486816,100,0.1881818567703721,0.024719843894583756,0.0024719843894583757,100,0.6759999999999999,0.3533733539370609,0.035337335393706086,100,0.16591711916998875,3.1023198257389636e-05,3.1023198257389636e-06,100,0.034502166927218005,1.9825669888473293e-05,1.9825669888473294e-06,100,0.08325174644598193,4.70250215805099e-05,4.7025021580509896e-06
posterior,0.5,HPS,100,0.08967853295377078,0.00628076384490386,0.000628076384490386,100,0.16254137467318133,0.020085807098681074,0.0020085807098681073,100,0.0,0.0,0.0,100,0.16591711916998875,3.1023198257389636e-05,3.1023198257389636e-06,100,0.034502166927218005,1.9825669888473293e-05,1.9825669888473294e-06,100,0.08325174644598193,4.70250215805099e-05,4.7025021580509896e-06
posterior,0.75,Average-Moment,100,0.0930857184720327,0.005829790779298278,0.0005829790779298278,100,0.4256420571970053,0.08287141733466626,0.008287141733466626,100,0.373,0.2233152412391437,0.02233152412391437,100,0.16591711916998875,3.1023198257389636e-05,3.1023198257389636e-06,100,0.03836635384723702,4.347685365112354e-05,4.347685365112354e-06,100,0.04806690544658732,5.39392733211195e-05,5.39392733211195e-06
posterior,0.75,COVER,100,0.0909278233165923,0.005636610338423999,0.0005636610338423999,100,0.3820430720062415,0.05689073601038919,0.0056890736010389185,100,1.3,0.9470848414844875,0.09470848414844875,100,0.16591711916998875,3.1023198257389636e-05,3.1023198257389636e-06,100,0.03836635384723702,4.347685365112354e-05,4.347685365112354e-06,100,0.04806690544658732,5.39392733211195e-05,5.39392733211195e-06
posterior,0.75,HPS,100,0.10721248413183158,0.007005314662835184,0.0007005314662835184,100,0.22009361217835866,0.03191123410830626,0.003191123410830626,100,0.0,0.0,0.0,100,0.16591711916998875,3.1023198257389636e-05,3.1023198257389636e-06,100,0.03836635384723702,4.347685365112354e-05,4.347685365112354e-06,100,0.04806690544658732,5.39392733211195e-05,5.39392733211195e-06
posterior,1.0,Average-Moment,100,0.11381885413080987,0.006182947556828414,0.0006182947556828414,100,0.907769021300496,0.16564097279629608,0.016564097279629608,100,0.679,0.35824910919976377,0.035824910919976374,100,0.16591711916998875,3.1023198257389636e-05,3.1023198257389636e-06,100,0.04377621553526364,7.668155108425552e-05,7.668155108425553e-06,100,0.03278029261583316,5.7039993176882e-05,5.7039993176882e-06
posterior,1.0,COVER,100,0.10602436951735138,0.00631681524374994,0.000631681524374994,100,0.6854892508385252,0.08500287192992975,0.008500287192992974,100,2.006,1.0238390814217164,0.10238390814217165,100,0.16591711916998875,3.1023198257389636e-05,3.1023198257389636e-06,100,0.04377621553526364,7.668155108425552e-05,7.668155108425553e-06,100,0.03278029261583316,5.7039993176882e-05,5.7039993176882e-06
posterior,1.0,HPS,100,0.1306465955922846,0.008440502568697638,0.0008440502568697638,100,0.2854501132000996,0.039637131508833405,0.00396371315088334,100,0.0,0.0,0.0,100,0.16591711916998875,3.1023198257389636e-05,3.1023198257389636e-06,100,0.04377621553526364,7.668155108425552e-05,7.668155108425553e-06,100,0.03278029261583316,5.7039993176882e-05,5.7039993176882e-06
