method,selected_coupling,validation_mse,best_step,fit_seconds,peak_device_memory_mb,parameter_count,prediction_mse,excess_mse,worst_task_excess_mse,common_mse,deviation_mse,estimated_deviation_energy,scenario,replicate,data_seed,network,variant,initialization,source_file
COVER,3.0,1.0620684623718262,675,190.9168206090108,76.091796875,31433,1.0845364321365942,0.0805620650596442,0.1530024108958371,0.6711815573168751,0.6763440702717602,0.0660688735210446,both_overlap_aligned,0,373244519,base,base,0,results_v2/sensitivity_final/base/both_overlap_aligned/rep_000/metrics.csv
COVER,3.0,1.0645298957824707,725,194.7237756177783,76.091796875,31433,1.0882261644038038,0.084178953868736,0.1485140153642997,0.6637281989568766,0.6803375376136254,0.0635564401923258,both_overlap_aligned,1,373244519,base,base,1,results_v2/sensitivity_final/base/both_overlap_aligned/rep_001/metrics.csv
COVER,3.0,1.0666158199310305,775,194.0221284125,76.091796875,31433,1.0857614366776212,0.0819567495363181,0.1474661077783788,0.6437281204541606,0.6626774278518502,0.0717223957821282,both_overlap_aligned,2,373244519,base,base,2,results_v2/sensitivity_final/base/both_overlap_aligned/rep_002/metrics.csv
COVER,3.0,1.0702937841415403,750,190.0556402122602,76.091796875,31433,1.0912248920096748,0.0865987163487828,0.164245896650797,0.6752240357368167,0.6853068853727121,0.0644075913560978,both_overlap_aligned,3,373244519,base,base,3,results_v2/sensitivity_final/base/both_overlap_aligned/rep_003/metrics.csv
COVER,3.0,1.068235158920288,700,190.27470871806145,76.091796875,31433,1.0890076252394891,0.0853297032343216,0.1622666002880029,0.6664950862635105,0.6921415203163632,0.0605908936263499,both_overlap_aligned,4,373244519,base,base,4,results_v2/sensitivity_final/base/both_overlap_aligned/rep_004/metrics.csv
HPS,0.0,1.088630437850952,175,18.685528340749443,68.0205078125,4361,1.1101475648462458,0.1054069036525991,0.2488030984734888,0.163889557532579,0.2320594179302277,0.518433382943386,both_overlap_aligned,0,373244519,base,base,0,results_v2/sensitivity_final/base/both_overlap_aligned/rep_000/metrics.csv
HPS,0.0,1.0978126525878906,175,19.11341869086027,68.0205078125,4361,1.11625240066265,0.1129240737755141,0.2548110520501521,0.157531080098502,0.235912839407847,0.528511984452554,both_overlap_aligned,1,373244519,base,base,1,results_v2/sensitivity_final/base/both_overlap_aligned/rep_001/metrics.csv
HPS,0.0,1.0948714017868042,150,18.350595091469582,68.0205078125,4361,1.1130731824847684,0.1099555527859197,0.2488841341431452,0.1451000070487795,0.2220833741907612,0.5554549202743044,both_overlap_aligned,2,373244519,base,base,2,results_v2/sensitivity_final/base/both_overlap_aligned/rep_002/metrics.csv
HPS,0.0,1.0952177047729492,175,18.90848148614168,68.0205078125,4361,1.1139245109851703,0.1109197570968445,0.2251970372433276,0.1727507210493312,0.2421585678855808,0.5249473918929676,both_overlap_aligned,3,373244519,base,base,3,results_v2/sensitivity_final/base/both_overlap_aligned/rep_003/metrics.csv
HPS,0.0,1.0905777215957642,100,17.353179425932467,68.0205078125,4361,1.117684061217006,0.1147353970161105,0.2415887795783936,0.1917821113722538,0.257959044640742,0.4514921403942382,both_overlap_aligned,4,373244519,base,base,4,results_v2/sensitivity_final/base/both_overlap_aligned/rep_004/metrics.csv
COVER,3.0,1.072603464126587,900,205.99091990105808,69.61572265625,16733,1.0952313724047154,0.0918905258552783,0.166081695367244,0.744303406788914,0.7480001365258871,0.0423258706228772,both_overlap_aligned,0,373244519,d12,d12,0,results_v2/sensitivity_final/d12/both_overlap_aligned/rep_000/metrics.csv
COVER,3.0,1.0708823204040527,900,200.55769842397424,69.61572265625,16733,1.0897374638197492,0.0852239240578092,0.1696591049253757,0.7388360279552728,0.7393627366222825,0.0446811870832523,both_overlap_aligned,1,373244519,d12,d12,1,results_v2/sensitivity_final/d12/both_overlap_aligned/rep_001/metrics.csv
COVER,3.0,1.069931983947754,775,200.17483630776405,69.61572265625,16733,1.0914666533793795,0.0877726324684405,0.1574380999757805,0.7782975816026267,0.7911922740398585,0.0340868887976062,both_overlap_aligned,2,373244519,d12,d12,2,results_v2/sensitivity_final/d12/both_overlap_aligned/rep_002/metrics.csv
COVER,3.0,1.0676586627960205,1000,200.74051442742348,69.61572265625,16733,1.089429812391057,0.0863207409609333,0.171636907344989,0.7597084916208829,0.7530187304055289,0.0433044221393401,both_overlap_aligned,3,373244519,d12,d12,3,results_v2/sensitivity_final/d12/both_overlap_aligned/rep_003/metrics.csv
COVER,3.0,1.067802906036377,1000,198.09278905484825,69.61572265625,16733,1.0888225679759398,0.0847234738553202,0.1568861281621792,0.7751803866454665,0.7701919346624146,0.0377959552808732,both_overlap_aligned,4,373244519,d12,d12,4,results_v2/sensitivity_final/d12/both_overlap_aligned/rep_004/metrics.csv
HPS,0.0,1.098387598991394,175,18.975917004048824,67.8681640625,3197,1.1206357365529176,0.1170596206106906,0.2968924457561867,0.2160106065195095,0.2878258936672915,0.4304001495488592,both_overlap_aligned,0,373244519,d12,d12,0,results_v2/sensitivity_final/d12/both_overlap_aligned/rep_000/metrics.csv
HPS,0.0,1.0941038131713867,175,18.42304304614663,67.8681640625,3197,1.113368396385151,0.1096704488849736,0.2604948528916183,0.2198570586799144,0.2907099708276636,0.4204209585504035,both_overlap_aligned,1,373244519,d12,d12,1,results_v2/sensitivity_final/d12/both_overlap_aligned/rep_001/metrics.csv
HPS,0.0,1.0975568294525146,150,18.25624425150454,67.8681640625,3197,1.1152320049674778,0.1123309575855922,0.2414989644543794,0.2777578293110183,0.3532003731869225,0.3173452952339763,both_overlap_aligned,2,373244519,d12,d12,2,results_v2/sensitivity_final/d12/both_overlap_aligned/rep_002/metrics.csv
HPS,0.0,1.0949679613113403,175,18.57756467908621,67.8681640625,3197,1.1148023890033425,0.1126014889211184,0.2594430219088444,0.1844311094632882,0.2649909532611885,0.4419305780207974,both_overlap_aligned,3,373244519,d12,d12,3,results_v2/sensitivity_final/d12/both_overlap_aligned/rep_003/metrics.csv
HPS,0.0,1.0902767181396484,150,16.673674900084734,67.8681640625,3197,1.1102837115425788,0.1069217896633321,0.2183225005096082,0.2236996404593726,0.2905539041179981,0.4261694892069892,both_overlap_aligned,4,373244519,d12,d12,4,results_v2/sensitivity_final/d12/both_overlap_aligned/rep_004/metrics.csv
COVER,3.0,1.071962833404541,900,175.36889083962888,86.28857421875,46133,1.091405993754233,0.0871409215618052,0.1520058910177866,0.6587690961453535,0.6748582481434783,0.0764171208159792,both_overlap_aligned,0,373244519,d36,d36,0,results_v2/sensitivity_final/d36/both_overlap_aligned/rep_000/metrics.csv
COVER,3.0,1.0691211223602295,625,183.4426335748285,86.28857421875,46133,1.0878630866618593,0.0842147539983842,0.1498965522150755,0.6541985068675871,0.6781285530153989,0.0715841802103534,both_overlap_aligned,1,373244519,d36,d36,1,results_v2/sensitivity_final/d36/both_overlap_aligned/rep_001/metrics.csv
COVER,3.0,1.066693663597107,775,168.51884225010872,86.28857421875,46133,1.0861423893668258,0.0828953758846056,0.14600630933349,0.6323215178384226,0.6483764722400152,0.0858878035530624,both_overlap_aligned,2,373244519,d36,d36,2,results_v2/sensitivity_final/d36/both_overlap_aligned/rep_002/metrics.csv
COVER,3.0,1.063758134841919,700,171.56919915787876,86.28857421875,46133,1.0869379153025989,0.0830743559478727,0.1729346683972149,0.6469781552931645,0.667896981531479,0.0683774350747338,both_overlap_aligned,3,373244519,d36,d36,3,results_v2/sensitivity_final/d36/both_overlap_aligned/rep_003/metrics.csv
COVER,3.0,1.06778085231781,750,186.91634763218465,86.28857421875,46133,1.0855556446991834,0.0822273543872744,0.1608763463848913,0.597092181368965,0.6101057460466495,0.0900395483445319,both_overlap_aligned,4,373244519,d36,d36,4,results_v2/sensitivity_final/d36/both_overlap_aligned/rep_004/metrics.csv
HPS,0.0,1.0951361656188965,100,17.104314947500825,68.67919921875,5525,1.1140810296373742,0.1104583901915455,0.2296824816877956,0.1621974049256633,0.2225393555340347,0.5851062618904178,both_overlap_aligned,0,373244519,d36,d36,0,results_v2/sensitivity_final/d36/both_overlap_aligned/rep_000/metrics.csv
HPS,0.0,1.0937488079071045,125,15.53517452813685,68.67919921875,5525,1.1118024613930926,0.1087091715658505,0.2265665954062293,0.1915129471878182,0.2597286284222618,0.482081160148019,both_overlap_aligned,1,373244519,d36,d36,1,results_v2/sensitivity_final/d36/both_overlap_aligned/rep_001/metrics.csv
HPS,0.0,1.0924041271209717,150,16.733443277888,68.67919921875,5525,1.1117569361720805,0.1085955797804594,0.2384603931535086,0.138673080164435,0.2182991114506368,0.5879840923474057,both_overlap_aligned,2,373244519,d36,d36,2,results_v2/sensitivity_final/d36/both_overlap_aligned/rep_002/metrics.csv
HPS,0.0,1.0959450006484983,150,18.238695890642703,68.67919921875,5525,1.1141467469179849,0.1103544210215058,0.2519940692641101,0.1430799478608102,0.2155147555715385,0.607735298251838,both_overlap_aligned,3,373244519,d36,d36,3,results_v2/sensitivity_final/d36/both_overlap_aligned/rep_003/metrics.csv
HPS,0.0,1.0921735763549805,100,17.12522084824741,68.67919921875,5525,1.1131423897338002,0.1103156320981756,0.2404289368461859,0.1198056118802629,0.1986412273453259,0.6519924420966229,both_overlap_aligned,4,373244519,d36,d36,4,results_v2/sensitivity_final/d36/both_overlap_aligned/rep_004/metrics.csv
COVER,3.0,1.0689895153045654,900,189.2607936169952,75.80029296875,30441,1.0885701424591951,0.0844741883312155,0.1622259363041349,0.7024015359471182,0.7178864153587704,0.0551596237852056,both_overlap_aligned,0,373244519,narrow,narrow,0,results_v2/sensitivity_final/narrow/both_overlap_aligned/rep_000/metrics.csv
COVER,3.0,1.0708119869232178,725,202.4916211478412,75.80029296875,30441,1.0897711582597376,0.085397636572884,0.1561717640289952,0.6680181263130766,0.6889750780846575,0.0585315827207577,both_overlap_aligned,1,373244519,narrow,narrow,1,results_v2/sensitivity_final/narrow/both_overlap_aligned/rep_001/metrics.csv
COVER,3.0,1.0709874629974363,1000,205.71012540906668,75.80029296875,30441,1.093939626206039,0.0904317209705657,0.1738745065838226,0.713021452435059,0.7176074591035739,0.0551104908426903,both_overlap_aligned,2,373244519,narrow,narrow,2,results_v2/sensitivity_final/narrow/both_overlap_aligned/rep_002/metrics.csv
COVER,3.0,1.0731161832809448,800,187.99867595173416,75.80029296875,30441,1.091197938001485,0.0878394774134164,0.1667112623055666,0.6908759576017883,0.6930919569056027,0.0584010858996444,both_overlap_aligned,3,373244519,narrow,narrow,3,results_v2/sensitivity_final/narrow/both_overlap_aligned/rep_003/metrics.csv
COVER,3.0,1.071758270263672,700,198.29996309336275,75.80029296875,30441,1.0916996846943243,0.0879110133677071,0.1681633268782329,0.7339341695124858,0.7567903361417243,0.0383892353529437,both_overlap_aligned,4,373244519,narrow,narrow,4,results_v2/sensitivity_final/narrow/both_overlap_aligned/rep_004/metrics.csv
HPS,0.0,1.0938884019851685,175,18.618595567531884,67.72900390625,3369,1.114848926031102,0.1105252587085221,0.2620632425646839,0.1894608177098124,0.2655322238610245,0.4938966461592218,both_overlap_aligned,0,373244519,narrow,narrow,0,results_v2/sensitivity_final/narrow/both_overlap_aligned/rep_000/metrics.csv
HPS,0.0,1.0923752784729004,125,16.44347631558776,67.72900390625,3369,1.114103523627038,0.1103776333337685,0.2389998288511723,0.1802519577829892,0.2436939585835052,0.4882724894863079,both_overlap_aligned,1,373244519,narrow,narrow,1,results_v2/sensitivity_final/narrow/both_overlap_aligned/rep_001/metrics.csv
HPS,0.0,1.0960190296173096,125,16.93356534373015,67.72900390625,3369,1.1151595355568908,0.1126083368023639,0.2479679043676438,0.1917343019216695,0.2698589046800178,0.4782251963061434,both_overlap_aligned,2,373244519,narrow,narrow,2,results_v2/sensitivity_final/narrow/both_overlap_aligned/rep_002/metrics.csv
HPS,0.0,1.091264009475708,150,17.51937050651759,67.72900390625,3369,1.1107351769913023,0.1068597952455909,0.2604067731099954,0.1650217206765478,0.2350221604738114,0.5333535827439737,both_overlap_aligned,3,373244519,narrow,narrow,3,results_v2/sensitivity_final/narrow/both_overlap_aligned/rep_003/metrics.csv
HPS,0.0,1.094198226928711,150,18.11740218475461,67.72900390625,3369,1.1146268796103047,0.1116377772929832,0.2649256740640147,0.1777213230504276,0.2561790858144948,0.4882376102711445,both_overlap_aligned,4,373244519,narrow,narrow,4,results_v2/sensitivity_final/narrow/both_overlap_aligned/rep_004/metrics.csv
COVER,3.0,1.066428542137146,675,183.9183886339888,77.064453125,34617,1.09346987301677,0.0894435830511951,0.1474148902285009,0.6864108930250389,0.6757649479720852,0.0689042204468896,both_overlap_aligned,0,373244519,wide,wide,0,results_v2/sensitivity_final/wide/both_overlap_aligned/rep_000/metrics.csv
COVER,3.0,1.069291591644287,625,179.27749262657017,77.064453125,34617,1.0903967465534972,0.0866494995521623,0.1518934209859703,0.6913549273347207,0.7159186585642411,0.0579103622532978,both_overlap_aligned,1,373244519,wide,wide,1,results_v2/sensitivity_final/wide/both_overlap_aligned/rep_001/metrics.csv
COVER,3.0,1.0625874996185305,650,184.57627402246,77.064453125,34617,1.0884908051544149,0.084745394249316,0.1608427912044204,0.7334835709042711,0.7159482782525594,0.0602266482423332,both_overlap_aligned,2,373244519,wide,wide,2,results_v2/sensitivity_final/wide/both_overlap_aligned/rep_002/metrics.csv
COVER,3.0,1.0654643774032593,500,182.5702955359593,77.064453125,34617,1.088297998930337,0.0839116412656022,0.1639909863215183,0.7098705727892095,0.7211095013627665,0.0491198348094607,both_overlap_aligned,3,373244519,wide,wide,3,results_v2/sensitivity_final/wide/both_overlap_aligned/rep_003/metrics.csv
COVER,3.0,1.0645033121109009,700,188.62527045421305,77.064453125,34617,1.087815907076208,0.0839246729720658,0.1400168739530501,0.6939220999948924,0.7102508626178436,0.0619131817151091,both_overlap_aligned,4,373244519,wide,wide,4,results_v2/sensitivity_final/wide/both_overlap_aligned/rep_004/metrics.csv
HPS,0.0,1.0920464992523191,125,17.042445356957614,69.97607421875,7545,1.1147477445543068,0.1119556233679178,0.2587752164940959,0.2068403933231306,0.2818372817791165,0.4589459932842909,both_overlap_aligned,0,373244519,wide,wide,0,results_v2/sensitivity_final/wide/both_overlap_aligned/rep_000/metrics.csv
HPS,0.0,1.0921400785446167,150,17.701802712865174,69.97607421875,7545,1.1132929509362075,0.1094015299696773,0.2316602841595205,0.1991956775504664,0.2715359185058927,0.4855516633507314,both_overlap_aligned,1,373244519,wide,wide,1,results_v2/sensitivity_final/wide/both_overlap_aligned/rep_001/metrics.csv
HPS,0.0,1.094573140144348,150,17.424709105864167,69.97607421875,7545,1.1138904968044618,0.1107706688066376,0.277620946345246,0.2007505570822597,0.2765997556132224,0.4488814113467489,both_overlap_aligned,2,373244519,wide,wide,2,results_v2/sensitivity_final/wide/both_overlap_aligned/rep_002/metrics.csv
HPS,0.0,1.0956306457519531,150,17.593931758776307,69.97607421875,7545,1.113868827995428,0.1107182975063784,0.2754141525277015,0.1881086418612372,0.2553679856531242,0.4674754265544064,both_overlap_aligned,3,373244519,wide,wide,3,results_v2/sensitivity_final/wide/both_overlap_aligned/rep_003/metrics.csv
HPS,0.0,1.0899889469146729,100,16.45996188558638,69.97607421875,7545,1.1117379036603925,0.1085654895632658,0.2332342736576514,0.2438773482634958,0.3245428488923393,0.3511353083614003,both_overlap_aligned,4,373244519,wide,wide,4,results_v2/sensitivity_final/wide/both_overlap_aligned/rep_004/metrics.csv
COVER,1.0,1.0742205381393433,200,167.1913771899417,77.0703125,34841,1.0934122684585128,0.0889302168360633,0.1892532944039861,0.7871310926934877,0.7937067396232392,0.0374519026235991,both_overlap_aligned,0,373244519,deep,deep,0,results_v2/sensitivity_final/deep/both_overlap_aligned/rep_000/metrics.csv
COVER,3.0,1.0688674449920654,375,170.515317235142,77.0703125,34841,1.087442769248647,0.084433170250886,0.1542945801095387,0.8580049929029062,0.8427733743834063,0.0204583591136217,both_overlap_aligned,1,373244519,deep,deep,1,results_v2/sensitivity_final/deep/both_overlap_aligned/rep_001/metrics.csv
COVER,3.0,1.0754313468933103,275,158.73471193946898,77.0703125,34841,1.0921362081709247,0.0899682066890766,0.1922400739275355,0.817134445565647,0.8419580576045295,0.0188509668126408,both_overlap_aligned,2,373244519,deep,deep,2,results_v2/sensitivity_final/deep/both_overlap_aligned/rep_002/metrics.csv
COVER,1.0,1.0669140815734863,250,160.76754902862012,77.0703125,34841,1.0877941116661656,0.0839223653975594,0.1508857461069977,0.7542093066796939,0.7603569294207514,0.0539311326283086,both_overlap_aligned,3,373244519,deep,deep,3,results_v2/sensitivity_final/deep/both_overlap_aligned/rep_003/metrics.csv
COVER,1.0,1.062114953994751,125,141.907326515764,77.0703125,34841,1.0857559257336915,0.0817773262154943,0.1496872859493068,0.7858230117957007,0.8223516064976181,0.0346449282150595,both_overlap_aligned,4,373244519,deep,deep,4,results_v2/sensitivity_final/deep/both_overlap_aligned/rep_004/metrics.csv
HPS,0.0,1.0995512008666992,150,19.083834247663617,68.9990234375,7769,1.1146103835160572,0.1123535330252191,0.2603857829222388,0.2700295003457335,0.3364739062107091,0.3608340526294973,both_overlap_aligned,0,373244519,deep,deep,0,results_v2/sensitivity_final/deep/both_overlap_aligned/rep_000/metrics.csv
HPS,0.0,1.0929721593856812,125,18.87664669379592,68.9990234375,7769,1.1082904123804995,0.1047263595928248,0.2543622191185339,0.2259340826648074,0.2937118523287674,0.4794357426360573,both_overlap_aligned,1,373244519,deep,deep,1,results_v2/sensitivity_final/deep/both_overlap_aligned/rep_001/metrics.csv
HPS,0.0,1.0988681316375732,150,19.05539210420102,68.9990234375,7769,1.1117339280828646,0.1079585609471805,0.2460632132538524,0.2487627357448696,0.3067665882510239,0.427722141110066,both_overlap_aligned,2,373244519,deep,deep,2,results_v2/sensitivity_final/deep/both_overlap_aligned/rep_002/metrics.csv
HPS,0.0,1.09150230884552,175,18.748567935079336,68.9990234375,7769,1.1061702906537751,0.1020597925850824,0.1982450104832869,0.2507831636181603,0.3140613218749078,0.4275364322150786,both_overlap_aligned,3,373244519,deep,deep,3,results_v2/sensitivity_final/deep/both_overlap_aligned/rep_003/metrics.csv
HPS,0.0,1.0893731117248535,300,22.584763346239924,68.9990234375,7769,1.1093002229131663,0.1047490950045232,0.2178143866381728,0.2634584493797751,0.3228617858129825,0.4603420968594887,both_overlap_aligned,4,373244519,deep,deep,4,results_v2/sensitivity_final/deep/both_overlap_aligned/rep_004/metrics.csv
