index,response,left_tissue,right_tissue,normalized_overlap_trace_mean,normalized_overlap_trace_std,overlap_effective_rank_mean,overlap_effective_rank_std,supported_contrast_fraction_mean,supported_contrast_fraction_std,overlap_weighted_head_energy_mean,overlap_weighted_head_energy_std,pairwise_penalty_contribution_mean,pairwise_penalty_contribution_std,overlap_eigenvalue_1_mean,overlap_eigenvalue_1_std,overlap_eigenvalue_2_mean,overlap_eigenvalue_2_std,overlap_eigenvalue_3_mean,overlap_eigenvalue_3_std,overlap_eigenvalue_4_mean,overlap_eigenvalue_4_std,overlap_eigenvalue_5_mean,overlap_eigenvalue_5_std,overlap_eigenvalue_6_mean,overlap_eigenvalue_6_std,overlap_eigenvalue_7_mean,overlap_eigenvalue_7_std,overlap_eigenvalue_8_mean,overlap_eigenvalue_8_std
0,JAM2,brain_amygdala,brain_anterior_cingulate_cortex_ba24,0.5831151931562728,0.0616419822011677,3.1193971815695476,0.2528940479408499,0.6674034190174852,0.06635324383310363,0.0638648961457963,0.0191203643607726,9.093272457631586e-05,3.878199896045315e-05,1.8433335908906152,0.4286122149471775,0.616538753836615,0.15506683077406863,0.38095769014174446,0.08048325739780823,0.24829881758022793,0.05861685492045483,0.14115959337560455,0.02744401603988576,0.08451808902285655,0.017697402132857955,0.05103770412785985,0.006653063137161346,0.030003099192534643,0.005593663342512496
1,JAM2,brain_amygdala,brain_caudate_basal_ganglia,0.38973980480780585,0.06955334748411032,4.104018039436091,0.3736999687463096,0.29829375562563115,0.06778956463073665,0.1297849461063148,0.0507634556713401,0.00011105779192382073,1.990526211274522e-05,1.0675525732214057,0.32978213653076666,0.5324404018398786,0.15427847975664755,0.3246397226715544,0.08426942667709583,0.20955841377969678,0.04531102880922761,0.1280920820493777,0.019376950025348953,0.08179893088712872,0.014785073535211461,0.052255078591802714,0.006500739130956548,0.03126876278546547,0.004786006934620598
2,JAM2,brain_amygdala,brain_cerebellar_hemisphere,0.31162337876049667,0.05454656185129261,4.170326541107283,0.46555590083252857,0.35001546118454663,0.07501207943779763,0.08919103399031678,0.02867100465490458,8.898450959013903e-05,2.2726013426273225e-05,0.9812190241914871,0.35664018492107863,0.46057871045412113,0.1263129264336805,0.2826135209760179,0.06275160715728091,0.18802720827408065,0.04003542878569334,0.1181487343352148,0.02100139285425568,0.07490192333118262,0.012814025527809863,0.047919907373207164,0.00755946235155056,0.027363302869175165,0.0047569635001026836
3,JAM2,brain_amygdala,brain_cerebellum,0.36033294874451355,0.06788848134558866,4.1402430103722265,0.4203379573360018,0.37142208867358856,0.09206596150993704,0.15737862275398357,0.06510074827610315,0.00014567583239914275,2.296032104727409e-05,1.0637968585137336,0.3332353946098458,0.49038237282347497,0.1376114552378094,0.2999038081353742,0.08023435845927486,0.1926014991544791,0.0412358568345933,0.11466434322264071,0.021556159987736957,0.07330851221062204,0.013577996845900867,0.04614368333346673,0.006751301222604899,0.027036569578347575,0.004506326483696654
4,JAM2,brain_amygdala,brain_cortex,0.47072993856996675,0.08321263221959269,3.835633461065749,0.5013770319136203,0.4573351485102718,0.11296820561034217,0.12660005072828556,0.03987801573217427,0.00012624046679792457,3.8065141151099566e-05,1.3390566585542185,0.44432655986476405,0.5091111162320193,0.14319766026752126,0.31796300937383437,0.06691576062375361,0.21220793417966477,0.041007572669971286,0.1276074139541173,0.02107974289291087,0.07647264220349805,0.014045506923549216,0.04760847872835898,0.004974767144357022,0.029080044554047623,0.005589845635951345
5,JAM2,brain_amygdala,brain_frontal_cortex_ba9,0.4751108974983416,0.07960183145201952,3.870421656704289,0.42857702706535733,0.3924052865408122,0.0849626990696677,0.20844145260279281,0.07236405320675054,0.00018646761791735306,4.094048870904732e-05,1.3030680726440949,0.4495808916625124,0.5090859144434642,0.135779666157312,0.33979015074158164,0.07515090516942625,0.23341557937246726,0.049262938621157305,0.13669551909413763,0.025480205102061646,0.08190658133569506,0.01601223178056363,0.05026401884750222,0.006121367654478462,0.030426735464273696,0.005426541459929009
6,JAM2,brain_amygdala,brain_hypothalamus,0.5110489044871251,0.07416367286446494,3.6556034061291323,0.4508504833743846,0.5396205591330018,0.12301658502243287,0.06818804988021962,0.01973017540712125,9.056926122830803e-05,2.7557388991010888e-05,1.5173679081907865,0.4362644045177354,0.5517587323653473,0.1641155482347003,0.36942295881066756,0.08853972497576831,0.25939922703601326,0.058993972597326236,0.1518887553535165,0.02504010430241658,0.09314320501618645,0.019019335880504112,0.058141422474196805,0.009021508769464748,0.034358624864749235,0.006890330261241832
7,JAM2,brain_amygdala,brain_nucleus_accumbens_basal_ganglia,0.4417241642661608,0.05539151248839748,3.8119209744192646,0.3223621541933941,0.41950555772442966,0.09192386203146394,0.05229069325268557,0.016493786643914748,6.991896976973358e-05,2.0610569931601046e-05,1.346364740922342,0.38769487874549147,0.5905202662893096,0.15730610660561586,0.3710988342852174,0.08884412436494503,0.24256216630681632,0.04694055959412643,0.1407988917802429,0.025235179466206042,0.08873380036091855,0.016714348125125216,0.054661842962456755,0.007812142463684273,0.033195159068019287,0.006293663380348814
8,JAM2,brain_amygdala,brain_putamen_basal_ganglia,0.4128209446793304,0.06747545091338555,4.001195530452349,0.38631938307416985,0.3910807151538576,0.0883533963276149,0.09626424557977382,0.03866114363242607,7.930147947107934e-05,1.2574364000513464e-05,1.2194629268573594,0.3854624180527432,0.5363640503072323,0.1502489040434973,0.33037710210506493,0.07982973095568098,0.21993907102948543,0.04666141865003047,0.13257590062523467,0.024652832861291583,0.08404266356762267,0.01301947707358618,0.052041480759452884,0.006634558747582215,0.031144271144289404,0.004555673646066142
9,JAM2,brain_amygdala,brain_spinal_cord_cervical_c-1,0.44408894553450223,0.07376005403558604,3.9231003384859235,0.48236915405945935,0.4281032810517744,0.1180417928132817,0.060725725749049594,0.020145613819766383,6.165588320253374e-05,1.5526418141776182e-05,1.4167747622247717,0.4346693843848185,0.5579139364902783,0.16287981784935865,0.37263243272767366,0.09401350322571916,0.2502772599785489,0.05419629919551118,0.14936905268969952,0.025880381664695067,0.09293823456997061,0.017087701792377594,0.05754447340878991,0.007700725009322151,0.034734225650790825,0.006348962496822482
10,JAM2,brain_anterior_cingulate_cortex_ba24,brain_caudate_basal_ganglia,0.3838176486111737,0.07082985556847125,4.537738048141144,0.445738528229109,0.32983027849407126,0.06940188645137185,0.10425941946214579,0.03923227655285958,0.00010385294800155751,2.528082816238433e-05,0.8387213616088192,0.2868262187112876,0.4555101274798675,0.1277655769007983,0.30014642825117516,0.07978923714881171,0.202718692235513,0.050396335011154564,0.12365475005362174,0.02146644626186811,0.0768171819540523,0.013898355663171259,0.04900077330418261,0.006436255514231632,0.029580186545018993,0.004526004072782601
11,JAM2,brain_anterior_cingulate_cortex_ba24,brain_cerebellar_hemisphere,0.33040061820486694,0.05422247455909324,4.298823630980582,0.49777441709924797,0.39151458520609517,0.08550451807109785,0.09684512301215312,0.032865164207225316,0.00010011666082031503,2.7130310889009282e-05,0.873054823009136,0.3106874877026448,0.45894301604750815,0.13570292074978718,0.2770513001195058,0.07020732358436589,0.18160869173228025,0.03988647673221519,0.11306755628432161,0.02277812750578214,0.07144762358340936,0.012471961823486656,0.044075875343004514,0.005686079152790729,0.025888981591928935,0.004773363416837555
12,JAM2,brain_anterior_cingulate_cortex_ba24,brain_cerebellum,0.38600261088820487,0.07465188085609387,4.215176102687903,0.4491705647959408,0.44453616301178034,0.10648298140705184,0.13813265579668882,0.04695220294419998,0.00012973566711889457,3.009555518925337e-05,0.958959727983687,0.3132582339366836,0.4648020876413893,0.15118934387784205,0.28621589830592303,0.08086332324076168,0.18868556418286525,0.04509305864481768,0.11144467559168236,0.02329156211836289,0.06911239728604822,0.013154376231992608,0.042978595622185416,0.0054912619902629965,0.02561139767255812,0.004453049780594771
13,JAM2,brain_anterior_cingulate_cortex_ba24,brain_cortex,0.6371236192562723,0.05489201768281538,3.1176031307796213,0.2816941870012879,0.7236110800969797,0.08187789617519388,0.161968444038129,0.04857210893554217,0.00019842623803330975,4.233810728570627e-05,1.5799593829908407,0.36671231266138976,0.5692531667395581,0.14141712362609435,0.33917372801575063,0.08057185787986774,0.2054393695594868,0.04676752265743517,0.12245593102580046,0.022578948965879166,0.07224276659497221,0.014986833361458422,0.04428716875119115,0.004799500835074446,0.026260542199932256,0.004292666269443525
14,JAM2,brain_anterior_cingulate_cortex_ba24,brain_frontal_cortex_ba9,0.7067099820944422,0.05248113414309638,2.8823449702368253,0.1854906110909865,0.6918945246195866,0.0686221786224475,0.24589112652059822,0.058637445233980075,0.00033220250193725204,0.00010423262062124724,1.8076701462316571,0.4234848290739163,0.6077732833857163,0.14065555834368212,0.35830484823034503,0.08506776395321891,0.22474349509654307,0.051338658491203566,0.13092331070133897,0.027269617226477447,0.07786392990968215,0.01627722025179024,0.046673799858550635,0.005965711191636349,0.027058937643596292,0.004657012375288625
15,JAM2,brain_anterior_cingulate_cortex_ba24,brain_hypothalamus,0.5187489356784357,0.06511206439637457,3.959619016330246,0.47527322804684285,0.5914870585591967,0.0844711038617959,0.06962206972993384,0.02065924315982361,8.474791445084502e-05,2.5360213955729738e-05,1.2441838049422398,0.4303367792576261,0.5238603098273708,0.1518893985480576,0.3490603594510953,0.09184403650968148,0.24148249539779715,0.061197737786015415,0.14074479426066575,0.025328875959521675,0.08829450939917609,0.019072243973301355,0.053879498640879174,0.007449612230722356,0.03174819808656665,0.006457694133802829
16,JAM2,brain_anterior_cingulate_cortex_ba24,brain_nucleus_accumbens_basal_ganglia,0.44533398879735675,0.06931394841649977,4.102348326233625,0.41907332122580826,0.48278084763475404,0.08714910289299711,0.06330631845976034,0.02853056043550275,8.072265329583078e-05,2.5930086197675365e-05,1.1435284972846664,0.37816369421513746,0.5125955493684289,0.1307713538416668,0.345252409310521,0.0836166490499684,0.23793978555618306,0.059866078268148014,0.13592420669423547,0.026836335575125353,0.08234962279932216,0.016664531483017664,0.05097836752847412,0.006609978202162357,0.03088262642740381,0.005334172790639165
17,JAM2,brain_anterior_cingulate_cortex_ba24,brain_putamen_basal_ganglia,0.41820816457851506,0.06653171455520451,4.301935828535883,0.4508934382190544,0.47958951224729807,0.07245213903103827,0.08233807257927198,0.029808794621516203,8.778176537951219e-05,2.2872145937226388e-05,1.0104921272364205,0.33834094738998455,0.46246138334837106,0.12517493265006427,0.3172379253206377,0.08086188931327583,0.2109500310628602,0.0510592136157249,0.1270521124623463,0.024137705762212924,0.0789616851106823,0.013058778146609091,0.048745065668542135,0.00610717956619465,0.029160538856741264,0.004722080263637361
18,JAM2,brain_anterior_cingulate_cortex_ba24,brain_spinal_cord_cervical_c-1,0.45447738197501203,0.07565205506608454,4.11119534561101,0.4810533819774169,0.5810801774223626,0.11492540265472401,0.07993674808414077,0.026219683635157785,8.983482692435876e-05,3.084745364349961e-05,1.2295400088669144,0.3911274710408801,0.5103718186374959,0.14277313208749634,0.35861029229000735,0.10087436411290635,0.23335800833088077,0.05222515892874965,0.1401261944978123,0.025031322156968103,0.08798005545720995,0.019016643052344465,0.0534990586400225,0.006501515896637946,0.03224412981079981,0.0056230190997019775
19,JAM2,brain_caudate_basal_ganglia,brain_cerebellar_hemisphere,0.28813551695760525,0.062386042319735845,4.3628094815937155,0.5637658901838389,0.26687555780443606,0.08459849744226589,0.09284621794350782,0.0398890145427224,7.825302242559599e-05,2.0048856524712252e-05,0.8552656363844175,0.36502783037148645,0.39802303538409545,0.11921519229059743,0.2538467946192847,0.06300519747138882,0.16590600111594297,0.04076542941539369,0.10918960201782116,0.019958089258954686,0.06983050990380282,0.009931318929664533,0.0445857758983366,0.005829397930163903,0.026167553695695744,0.003776785624220268
20,JAM2,brain_caudate_basal_ganglia,brain_cerebellum,0.3366712651835316,0.0819802426288527,4.309061546512732,0.45937850890117937,0.3236370541912078,0.09236359895146294,0.1201427128174621,0.040654237279148346,0.00010468294884431623,2.3216905213792314e-05,0.8771233480798235,0.3220276938783719,0.44480789367000123,0.1470427437261836,0.2621931608008126,0.06919158052425188,0.17102485994903813,0.04444386939190235,0.10498510056009311,0.02147904995166703,0.0674444856631196,0.010454624825198171,0.04374848596440671,0.0055378719443104595,0.02599833843808978,0.003689294530941552
21,JAM2,brain_caudate_basal_ganglia,brain_cortex,0.41815497265977386,0.07874110960933323,4.191008883405166,0.5084420659810148,0.40412127635529194,0.09152311401013706,0.11074030077244335,0.04279753747018198,0.00011883913221886089,2.7527822169447645e-05,0.9780822327083782,0.37057741493900986,0.4571068257213214,0.12656046321719064,0.2758239817598658,0.0649378432752268,0.18144620446790208,0.03887372780132044,0.11401138688017594,0.020707342578243505,0.07077060272454701,0.010504872643070432,0.04497095818794204,0.005228898778918908,0.028115581749351387,0.004252377332700658
22,JAM2,brain_caudate_basal_ganglia,brain_frontal_cortex_ba9,0.4161073062212994,0.0719600352008341,4.317079621857789,0.5139066222447394,0.39304629203442465,0.09818725535025116,0.06039535685654458,0.01788679655016939,8.388010456179782e-05,2.8737057600663977e-05,0.9588210699054599,0.3595790781965842,0.45229210755279636,0.11621631614806031,0.29083264242544155,0.07965195588373834,0.19806702584464253,0.042129229407604066,0.121229157296215,0.023714187791890103,0.07683689285643991,0.012505608289605251,0.04682099551612333,0.0060771868677226455,0.029334869877886655,0.004310279125802874
23,JAM2,brain_caudate_basal_ganglia,brain_hypothalamus,0.4432822104597857,0.06645470209838955,4.096481796476413,0.38708240703185337,0.3714079704568737,0.07649978861363392,0.13221806823091115,0.04369410479287162,0.00011892671593099712,2.7474076421278788e-05,1.1024820583195312,0.36799302042391174,0.5200509224284635,0.15753967738229588,0.3150644924242753,0.07925879088298472,0.2125123199637148,0.05354382020196791,0.13149848682081386,0.026349833697294305,0.08502111366111152,0.014088064402099374,0.054394992014075404,0.007416636983295855,0.03267439710430736,0.0052857862532048935
24,JAM2,brain_caudate_basal_ganglia,brain_nucleus_accumbens_basal_ganglia,0.5296679293180346,0.04613727667338509,2.9255028151478233,0.30613174876202803,0.42633158309578045,0.03565674068809242,0.09482701047328032,0.02551791794957393,0.00011012438915847726,2.8937846101613418e-05,1.7073453349648768,0.43339359185703724,0.6503049195783454,0.17728114479676746,0.3171029397369152,0.0848482192253133,0.20121394389581798,0.04385573298458457,0.12421999325984368,0.02584587569942136,0.08016088966647864,0.011862026351515495,0.05095446108399665,0.007293426783772008,0.03086175378709064,0.005059385283774109
25,JAM2,brain_caudate_basal_ganglia,brain_putamen_basal_ganglia,0.7920667083108279,0.03363770102137551,2.1710260063143836,0.22772526850622923,0.7710672724535133,0.03266906552598455,0.06248119414865858,0.013999367342079695,9.65591670827966e-05,2.4959736119626195e-05,2.9326438136715804,0.6743905522941609,0.7252472158899256,0.2227880627057351,0.31335113842661055,0.07406976738308733,0.19565422473745092,0.04227984097646424,0.1205120399829465,0.021801289986178234,0.07594358760507684,0.01153284291127445,0.048326664238744,0.007057164051500735,0.0279928027961245,0.003413121145919637
26,JAM2,brain_caudate_basal_ganglia,brain_spinal_cord_cervical_c-1,0.4135206103243103,0.06308158520274572,3.881364575570936,0.44296330990462285,0.3705110150288916,0.07481774200182323,0.10353290160011108,0.03174593767398002,9.024332283316832e-05,1.873871611330281e-05,1.2172990402291388,0.35425434035828035,0.4992358682576869,0.13514951566153696,0.3231007936391087,0.08548542171997496,0.20990763103677018,0.050279880674986406,0.13290414110991486,0.025847357135882865,0.08470313493535295,0.01390173778023561,0.05345884021345078,0.007154454443344999,0.03280154750233991,0.004899432374518713
27,JAM2,brain_cerebellar_hemisphere,brain_cerebellum,0.5699926671129438,0.049503108976160705,2.4674656151596563,0.19522268883590893,0.5298473310252548,0.05724892188269444,0.12934798514191814,0.03223750779782416,0.00017991818597765655,5.9304462533180234e-05,2.196801252133821,0.4665637003120089,0.8434763019747697,0.20291663697121554,0.28033265405510804,0.08627678888689125,0.1605870283983053,0.03898522574197461,0.1021554855719445,0.023644796370391366,0.06243971094259824,0.011979388513916306,0.03791801901093491,0.005521607520192558,0.02209701300412258,0.003986848650515068
28,JAM2,brain_cerebellar_hemisphere,brain_cortex,0.31433755685300657,0.05424617215368872,4.348636386020736,0.42260662590635445,0.4088585391612159,0.08716251672404753,0.10458802316466712,0.03787682752997888,0.00010424359019465964,2.5424479314931515e-05,0.7781395820503338,0.27233157220493903,0.4044866388476505,0.11615484441539962,0.2551377163502677,0.07239927050822521,0.16356537187236728,0.03363437521604885,0.10540012777309322,0.019094879270535665,0.06489971030107684,0.011431986725352563,0.0417737722865221,0.004943051170570696,0.024695011984524402,0.004130214253417001
29,JAM2,brain_cerebellar_hemisphere,brain_frontal_cortex_ba9,0.335020418466743,0.06160630167488139,4.330098148280941,0.5271188503477582,0.41538967706270424,0.07880000714424347,0.12818995355571047,0.046916660922897466,0.00012207307316314787,1.9916763191605145e-05,0.8711657047092501,0.38751678310021387,0.43585061778270273,0.13090549396809117,0.27127888791713756,0.06824348556027877,0.17578346357060642,0.03667527824641627,0.11192336420345869,0.02130335460089586,0.06893115241943146,0.010806358354978205,0.04350836725350911,0.005988405240840029,0.025514620142350886,0.004574310849472219
30,JAM2,brain_cerebellar_hemisphere,brain_hypothalamus,0.3595586028701502,0.06551296761967534,4.101163439298636,0.4261892902105162,0.42002304994063405,0.0887346621875822,0.058531230246076295,0.02669912528207669,5.663669658320579e-05,1.7872257352158214e-05,1.0216688334285302,0.37315869576806665,0.4937081458410149,0.13018166389329505,0.29091739691692003,0.07226062489615846,0.18984943946312183,0.04480861843511382,0.12109746918600166,0.024646340573434622,0.07695826354009173,0.013294121317508859,0.048716080213964494,0.007944931644758929,0.02848583125013051,0.005606591283556681
31,JAM2,brain_cerebellar_hemisphere,brain_nucleus_accumbens_basal_ganglia,0.30212076985913816,0.057673591228354575,4.323276837803397,0.49104675104380263,0.31785712236942326,0.07234743052046358,0.083155381972006,0.034047385054918375,7.523271539043259e-05,2.3543980154087486e-05,0.8918234743124239,0.3243967903512324,0.46155222876911733,0.12798748315287595,0.28117692172672604,0.06855202853451053,0.18090106124040245,0.042291444281610344,0.11553010595031074,0.02326564850253649,0.07519536939385893,0.013103539650694485,0.04599348026085783,0.005829727381899524,0.027641894244066812,0.004651308789764772
32,JAM2,brain_cerebellar_hemisphere,brain_putamen_basal_ganglia,0.30505688340101533,0.06305886936865567,4.229434679069626,0.5183480602627388,0.31855677195001125,0.09732343898322919,0.05713960578134658,0.021147750315619038,5.107283767030801e-05,1.5269970024992584e-05,0.9475126325576948,0.4151335669779165,0.4139326412851637,0.12726195279001926,0.2659772683710566,0.06859486703500285,0.1720295896807104,0.037268788317654615,0.10979263066703708,0.020540861844812772,0.07026577215692978,0.010114826911463901,0.04469504686855392,0.006027514299537866,0.025934459477121957,0.0037968407315768886
33,JAM2,brain_cerebellar_hemisphere,brain_spinal_cord_cervical_c-1,0.3159460142696546,0.05793818197791337,4.135591793404866,0.392473766698662,0.38082606660448126,0.0840415413086167,0.05265422456161149,0.020574353281579593,5.7709597401172414e-05,1.7908085950514635e-05,0.9643304965121627,0.3088580143965987,0.4802548883926119,0.1394678558074286,0.2906802760754429,0.0657109746223932,0.18832708691356556,0.04339406769298414,0.12086233285041985,0.02267013719822114,0.07694892344632231,0.013277253009362507,0.047834454872773574,0.007453362072364993,0.028457188989227094,0.004854093509456083
34,JAM2,brain_cerebellum,brain_cortex,0.4090647297630456,0.07045929252933698,3.942920375126134,0.3638542090997172,0.45990345069558886,0.08839240748521147,0.09423277830284946,0.038586188113057945,9.782949012673682e-05,1.856887293963842e-05,1.0184912313238894,0.3286959919943591,0.45409485551968787,0.13294174835478906,0.2795490610454291,0.08705893264836177,0.16810142655308533,0.036621577126693984,0.10449417029784691,0.020112175470148416,0.06321240081328425,0.011159673412588023,0.040191253010739836,0.00525045137609996,0.024250242549203188,0.0038281422227809444
35,JAM2,brain_cerebellum,brain_frontal_cortex_ba9,0.37697195382820553,0.0744627813734963,4.375025696609799,0.4419689895660566,0.423967253999165,0.10846719487965427,0.11218844306528844,0.042236194696998464,0.00010481681426951121,2.3402209693145305e-05,0.853237848755135,0.31551706847686656,0.45047552045897704,0.1592292291562928,0.2809805214353366,0.08158471555029687,0.1776783520527053,0.037965200390387886,0.1088971772772015,0.020681582048055043,0.06771931869002872,0.011723200545378891,0.04214007479425016,0.005814326526390905,0.025336070595000225,0.004505848369237164
36,JAM2,brain_cerebellum,brain_hypothalamus,0.4228094852586944,0.07929786341276425,3.9600094461080024,0.38249282994258893,0.4148195613290353,0.09090547072452435,0.12811615144952399,0.05255385797619404,0.0001006103259454122,2.5577846995245095e-05,1.1332922374675225,0.36091117784503807,0.5154590919111965,0.14934308774888871,0.30386285828805515,0.08822654216002183,0.18885242613859893,0.043484326529356604,0.11844804795682236,0.02372271587652531,0.07452788893484548,0.014439204292949296,0.04764702876489696,0.007027180384370017,0.028389175210414647,0.005084385535012376
37,JAM2,brain_cerebellum,brain_nucleus_accumbens_basal_ganglia,0.37064512082038964,0.07626704503165525,4.0497091145312405,0.4388220570219916,0.3983503690559553,0.09959668100767397,0.15822594882090904,0.060088207736717116,0.000132804612016785,3.2036306619234095e-05,1.0688535164292594,0.3799385024280243,0.5154916725197903,0.1504852625540519,0.28933456818152176,0.07814906738171384,0.18718240555085525,0.04251823538409791,0.11357456075678632,0.02441094487930888,0.0728142212622728,0.013618135702450594,0.04476648201457734,0.0064639770448405905,0.02713503114423697,0.004361640799651589
38,JAM2,brain_cerebellum,brain_putamen_basal_ganglia,0.35926042154724847,0.08211261871882404,4.1411445880845745,0.47398610225329435,0.3960023265897811,0.1255881385902265,0.09401710003099227,0.032566720082969604,8.476987976173403e-05,2.0760462839558662e-05,1.0193996262444442,0.423991856736267,0.45983626846291115,0.15791796156791663,0.2771940283296689,0.07839302529095603,0.17393568366008436,0.03944176208694404,0.1073133740225247,0.020370621588266476,0.0683673431961728,0.011123874764558523,0.04380631949511863,0.006838584676599677,0.025716895745471265,0.0035524424865095708
39,JAM2,brain_cerebellum,brain_spinal_cord_cervical_c-1,0.38439764864556614,0.07527343997395414,3.9247452459688787,0.39551266239532124,0.45835732898692266,0.07650133060340478,0.09462284815231455,0.031108205990394013,8.997926578855345e-05,2.2144171207074458e-05,1.1358141686178767,0.35242317938798007,0.5263194976630011,0.15517844474797443,0.3097315658710231,0.08053599425573087,0.1919855639834268,0.0453515897129459,0.11704351410005205,0.024500067726749692,0.07406245762645247,0.013739731314591998,0.046900721551513855,0.007310539292998686,0.027666216978932436,0.004278792057285129
40,JAM2,brain_cortex,brain_frontal_cortex_ba9,0.7147515451126386,0.04137156302105505,2.807556220895211,0.21747512057750498,0.7101767532430268,0.0548543577402366,0.11528755736910759,0.02773037097140611,0.00016798815180524656,5.318865400166245e-05,1.7535574075268392,0.3953204344471079,0.5690736891994665,0.13607657359317063,0.3249430673115664,0.07603323254882297,0.20233684623550166,0.04281271209885482,0.1203180920373362,0.02007140306085044,0.07186633919996889,0.013377018521405253,0.043263933611877706,0.0055074104513531015,0.025614070027886505,0.003974213259535707
41,JAM2,brain_cortex,brain_hypothalamus,0.4998224095450925,0.07576763748199684,4.104627081124474,0.5760447121774138,0.5201804468289579,0.13690777677598256,0.15488923667296808,0.05426496407979964,0.0001443551076781595,3.309713164307173e-05,1.1783909611492738,0.4230601483245046,0.46934156751749667,0.13493545052638148,0.31266572509426294,0.07805921584215479,0.2086483712773048,0.04662286336116718,0.13129061368300482,0.02200205950900743,0.07850704290387764,0.013254138714268537,0.0498099283347561,0.00645218287548893,0.03038813394813288,0.0055472970283290055
42,JAM2,brain_cortex,brain_nucleus_accumbens_basal_ganglia,0.44538421791126687,0.07248927424669091,4.050694442881314,0.5271074325913855,0.4825196807398025,0.09450147177176217,0.12867021534572318,0.04348160989627841,0.00013728307954164018,3.524393534106702e-05,1.1391136261368673,0.41084188767075325,0.5000288631460259,0.13386939438753043,0.30544758816520395,0.06903749977339398,0.20160696584832713,0.0449206754648716,0.12460965205400024,0.024030076413042004,0.0745478978202812,0.011846114975847569,0.04742000592487141,0.005925089776147864,0.029346787683698406,0.005069425632103441
43,JAM2,brain_cortex,brain_putamen_basal_ganglia,0.4512589401651895,0.07047439085857392,4.006543481247176,0.5009934537558037,0.506758807430031,0.09473252367188263,0.09495165600340935,0.03218960845370841,0.00010471840709085764,2.4882297635853626e-05,1.1403225212743515,0.4118052491805823,0.4701240052987451,0.13290792858271033,0.29167259545050983,0.06938164896623092,0.19009432489722256,0.039716941596410316,0.11670171147948942,0.024501882517978472,0.07189383590898013,0.010167326253627224,0.0446887805946294,0.0053797036821682616,0.02791226855047709,0.004159385198489702
44,JAM2,brain_cortex,brain_spinal_cord_cervical_c-1,0.4681293669811608,0.06168063256861283,3.9234316129415325,0.4507621940167899,0.5604413522632055,0.09184318538268492,0.10409097043654802,0.03504268728577679,0.00011728075012153786,3.43772663165558e-05,1.2818844931365079,0.36388232505395296,0.5178077508139001,0.13746341670173462,0.31975594778285416,0.07982515588891555,0.20426645059162282,0.048209717807764445,0.12854423497218784,0.0234795021081431,0.07832843705546372,0.014444784210694834,0.049780313492155906,0.0064055303334798015,0.03026354412035066,0.004826556965547532
45,JAM2,brain_frontal_cortex_ba9,brain_hypothalamus,0.49662845343528533,0.07200342115118774,4.248968746664268,0.5531188862589949,0.4584706706264772,0.08840215957428493,0.15114101017081744,0.05587098150607082,0.0001326008680006398,2.933478219492717e-05,1.0937625404146674,0.4019800016925843,0.48691961383674054,0.13822314676678682,0.3321729805748803,0.08562679925909669,0.22976582187777317,0.05231564635205748,0.13967452880221418,0.02493396733276503,0.08741074152840903,0.016117512620597168,0.05184582171243286,0.007501126325576251,0.03168289930019863,0.006044754459551159
46,JAM2,brain_frontal_cortex_ba9,brain_nucleus_accumbens_basal_ganglia,0.4217293546843511,0.0630682652980201,4.356777375823826,0.4916751794097901,0.3920074449740912,0.08032055401187295,0.12629315225573007,0.0523284952595617,0.00012408589321603075,2.3167420461148625e-05,0.9949591012942385,0.3372845370738679,0.4797660093589034,0.12413576386860437,0.3182416570371927,0.07958225809565314,0.2223942739645998,0.046021873044091235,0.13257307918298397,0.025834316451197395,0.08052141965979112,0.014865491853362105,0.050294629633989174,0.0067719804738419626,0.03059310747700623,0.004931501280732558
47,JAM2,brain_frontal_cortex_ba9,brain_putamen_basal_ganglia,0.4464926526486992,0.06209002252003748,4.107589846047111,0.5141870937461543,0.4967952335467432,0.08222845917251981,0.07607987757086043,0.02897700539769539,8.850359769646908e-05,1.9770570324287534e-05,1.0976133342624084,0.38261832803092166,0.4577418626561636,0.11999659701435278,0.3115300220647819,0.07917337720227746,0.20727980677723806,0.045876587052137985,0.12388607843647177,0.024465188905416217,0.07783982479700549,0.012160023262884411,0.04747929247186271,0.006070363018887929,0.028864689974954262,0.004275023571991908
48,JAM2,brain_frontal_cortex_ba9,brain_spinal_cord_cervical_c-1,0.4531226762006936,0.06405333384281944,4.132981674954642,0.5011491912108545,0.45944851090534405,0.07004931085727313,0.11536816177279027,0.04513865898864501,0.00010746722807658123,3.1895459098134806e-05,1.191908629925161,0.3687084994712173,0.4862089957259025,0.1317087859876476,0.3346804349250091,0.08945896049600963,0.22220139856956442,0.04795592909863308,0.13810402056951113,0.02502759993424016,0.08526806924095415,0.015735443916109017,0.05344265565522928,0.007989767379360543,0.031630600940472146,0.005187072968938734
49,JAM2,brain_hypothalamus,brain_nucleus_accumbens_basal_ganglia,0.5348801911444286,0.06783743968675825,3.4904801359727626,0.2720149414518404,0.596463117206007,0.08661837749683812,0.04305998234631355,0.010331525791106824,5.386952726533896e-05,1.935098624347933e-05,1.5368909160256259,0.4034858130290344,0.5997180378518109,0.16568107293813317,0.35764576936823683,0.08674434338283804,0.2423734028239975,0.05890726611088526,0.14436260266285827,0.03160102589725202,0.09164565167597621,0.016214736191108643,0.056512396071213375,0.008394384378193332,0.03476508263766282,0.006927963865115087
50,JAM2,brain_hypothalamus,brain_putamen_basal_ganglia,0.46897130546274524,0.06460925970508377,3.9827351592058085,0.39302492909297887,0.4972324713585922,0.09018090315877861,0.08511481294965599,0.027459524784492734,8.148726579785926e-05,2.3039783948562073e-05,1.2364522935705886,0.41387717327108076,0.5218525438089952,0.14273645687722275,0.33288244654572974,0.08943530490602934,0.2226814290592473,0.05442033805100607,0.13410843643832973,0.026645272879707048,0.08587925117788639,0.012566431468815703,0.05416933551513994,0.008273881911633547,0.0327606419589072,0.004730693291057275
51,JAM2,brain_hypothalamus,brain_spinal_cord_cervical_c-1,0.5243057916853718,0.07691982112710906,3.6547329209032475,0.4336132119491298,0.5150973313704592,0.08771600510698578,0.04888985472870848,0.016690880370894043,5.65072708535665e-05,1.300704948803204e-05,1.5288669450905508,0.5318417300204057,0.5583222170396025,0.1518234341237656,0.3663035206390196,0.09893041090490673,0.2447660187660415,0.061977135269703686,0.15600799257275838,0.031656623573767896,0.09775262593799793,0.01907827457189898,0.05989603479662374,0.009344019401180386,0.036181790883684055,0.006931731299938377
52,JAM2,brain_nucleus_accumbens_basal_ganglia,brain_putamen_basal_ganglia,0.5492803611517219,0.04419452080877652,2.9374756460481763,0.32584117607875474,0.510997240771362,0.06714394835629092,0.04759323615610056,0.01350955906850102,5.348540221139461e-05,1.6886235044908528e-05,1.7776342784597627,0.46624776111302324,0.6811764956738491,0.21597953190643449,0.3321474094116022,0.08795267185696229,0.209988983034095,0.04504772283323077,0.12755989849621627,0.027763549603723413,0.08171425877959929,0.012334395955581121,0.05140973018232914,0.007546483666409382,0.03034035021364579,0.004137335724961396
53,JAM2,brain_nucleus_accumbens_basal_ganglia,brain_spinal_cord_cervical_c-1,0.4519810198408645,0.06576029912962747,3.6697005192445245,0.4166203479759168,0.4655649674213732,0.08606196503702605,0.04803747810952516,0.015780225867702932,5.063414680802396e-05,1.5118275740667265e-05,1.3983636845429743,0.43171762813191944,0.5826470537900542,0.1766512701163088,0.36515617989537963,0.1005332065469961,0.23082555261492366,0.05309209148603809,0.14379751007298586,0.030423421072497903,0.09085924646689125,0.017354249971146027,0.05668272634279446,0.0082914440846971,0.0351597779377215,0.006037314953477252
54,JAM2,brain_putamen_basal_ganglia,brain_spinal_cord_cervical_c-1,0.43390629232151656,0.06394717169422245,3.8353703283006224,0.48521269035057973,0.47163557051476507,0.067900874468243,0.061007282414137595,0.021073942191963884,5.659531286085737e-05,1.4829520540256063e-05,1.3333073227297956,0.42124110666877174,0.5295360669344167,0.1438885886048181,0.336600699174501,0.08756785169083717,0.2167372933732973,0.05296538690468886,0.13581236247093226,0.02854185210108514,0.08632400019399523,0.013827096192569147,0.054262875130751766,0.00680518531376048,0.032115111272722784,0.004278101166459927
55,SH2D2A,brain_amygdala,brain_anterior_cingulate_cortex_ba24,0.7269953511358642,0.034767690544911245,3.4345878302351225,0.3068302117484561,0.6876621624337663,0.04695406559561962,0.0457193520114831,0.035461797372632095,7.309210891550742e-05,3.9444252086813186e-05,1.0140044018516838,0.29924321816802185,0.44293913928177153,0.1540998739531466,0.24444430130156153,0.07924280321445436,0.1616372845331186,0.05951398190195343,0.09363943713638165,0.034402030915391506,0.05894287325370182,0.020538239821606845,0.03638154089971023,0.01237595113173471,0.022717762184168717,0.009289466791830578
56,SH2D2A,brain_amygdala,brain_caudate_basal_ganglia,0.5582625651626728,0.048853161347844225,4.129486816649207,0.40825483091344544,0.6242283114224957,0.08722798127886353,0.042694083330235465,0.035879629066609124,6.508520263437346e-05,2.3656084434047666e-05,0.8441439017797652,0.4077466088725973,0.394027406095035,0.16214624261674962,0.2383919382249343,0.08406094485088911,0.15323254878438858,0.06111558100877498,0.09483959412197629,0.03415628755139588,0.060671263236769024,0.02581263173905475,0.03862872627938123,0.01572395087252208,0.024676221224237817,0.01123555641726742
57,SH2D2A,brain_amygdala,brain_cerebellar_hemisphere,0.4705302840664635,0.05240824211784793,4.544148883016405,0.3666260713580706,0.4571286589190267,0.09363588561441465,0.0734714850816045,0.0513805411205059,8.680020162849103e-05,3.365075629192752e-05,0.6339852395163896,0.23614038069207863,0.3248448578053869,0.10046233677403021,0.20739579829550414,0.07827299475323869,0.13570268343373335,0.0511135067318257,0.08493284371221041,0.0312762522928429,0.054777556877611856,0.018184394079240534,0.034047235180585146,0.01163692799515519,0.021255808068322633,0.00861521098244349
58,SH2D2A,brain_amygdala,brain_cerebellum,0.4660208429514359,0.05881250278438276,4.448047847558374,0.43123917465576683,0.4502328271558064,0.08910029870425487,0.06377904572582498,0.05593524733252935,6.698407834218726e-05,1.7474875137636338e-05,0.656003959845265,0.2605540308062827,0.3196129177005908,0.10370214499879617,0.20293178540417492,0.07218953613412254,0.1327313878568545,0.0480083787038745,0.08328573582612407,0.028932808973908267,0.05323517823152124,0.018663505571036635,0.033718922097185224,0.011490435981873234,0.020754013139032683,0.008515134377850543
59,SH2D2A,brain_amygdala,brain_cortex,0.5381803435877396,0.04267817998449357,4.244539867932394,0.3303550992456282,0.5498471284438866,0.06371704290261049,0.05511717193964725,0.05687691901214566,6.650716424789886e-05,2.187870458559081e-05,0.687734426176912,0.2691113043763388,0.3290036508711254,0.120224488116609,0.21545479479928625,0.0805357002626341,0.14301324165442614,0.04865292889579406,0.0879478209369423,0.03175527847161074,0.055353301889432896,0.020717246972969207,0.03611959939404051,0.01434158983747791,0.02178602071934726,0.009622230185375776
60,SH2D2A,brain_amygdala,brain_frontal_cortex_ba9,0.5871825174836537,0.0467979662045194,4.243167739589054,0.24014692204546947,0.5991776187954273,0.06468917580087387,0.048028848437848375,0.03904949340950064,6.200560007096056e-05,2.240432712892781e-05,0.7284074750522707,0.25050792570905706,0.3524439441329393,0.11906375151248283,0.22988046622870564,0.0771323529033391,0.15158697551904027,0.0557065583776534,0.09181412203529807,0.03301567879095817,0.05881081186455846,0.02173225661546617,0.03632534417945622,0.01326130547262287,0.022318148286303265,0.00824073163013203
61,SH2D2A,brain_amygdala,brain_hypothalamus,0.562919500364947,0.05902313583015746,3.883316305819595,0.405513844157314,0.5856655493655447,0.08691658686777466,0.0480531204906028,0.057369735339439544,5.860462214184277e-05,2.94938178296814e-05,1.001267232461466,0.34614555742322023,0.462739871476086,0.17513644519620833,0.268322696531745,0.09067444157496517,0.1845494932128952,0.07206504138250927,0.1092539827480898,0.0443737242265109,0.06827493340837351,0.02527069581261716,0.04299230028506885,0.017078471537732582,0.026783067187460402,0.01164586469260051
62,SH2D2A,brain_amygdala,brain_nucleus_accumbens_basal_ganglia,0.5887078385097058,0.05149733485727696,3.9864277817807463,0.4101182645408993,0.5681848823589407,0.07645858482819783,0.04429914593500273,0.02756841315495178,8.059094559116441e-05,3.865583244170906e-05,0.9553691375020822,0.4104831817819043,0.41968042288691,0.15390656916525328,0.2615378702498564,0.0942784786940673,0.16814223349761112,0.06618153093878006,0.10136073199822268,0.040539087691065824,0.06483029512217428,0.026052512049657448,0.040638208059344316,0.01676418139207427,0.025682268720242752,0.011639542967917797
63,SH2D2A,brain_amygdala,brain_putamen_basal_ganglia,0.5048447847084346,0.04360545868687053,4.210478214211166,0.3787602568470188,0.5020290816182849,0.08316673251190407,0.05807194244885795,0.04878958650869151,8.832557780276193e-05,2.6119471900979473e-05,0.8119144542968062,0.3516196825471579,0.3731891614056596,0.13385906707384979,0.23613429061687183,0.08328475710452643,0.15318823260244077,0.05750172282348911,0.09366553257732643,0.033425311550371505,0.060475317612672684,0.02343231926947595,0.03755493248768131,0.014402825163287008,0.024154727557016042,0.009184281431638432
64,SH2D2A,brain_amygdala,brain_spinal_cord_cervical_c-1,0.4571969625908391,0.0668020028579359,4.302058409005894,0.3007759060527669,0.3957075826375619,0.08948047170012906,0.10937928624093574,0.09316251594095026,0.0001420861774878213,4.84409040479513e-05,0.8676927466417332,0.3397898446732506,0.418541192986052,0.15512873011235145,0.25944739182264925,0.09810233689034568,0.1773950488940722,0.0673342026839479,0.11027561280546112,0.0419914400912694,0.06910919774281402,0.028098471068302495,0.04229153112980933,0.015011936966543685,0.026888334149031357,0.011031451477960856
65,SH2D2A,brain_anterior_cingulate_cortex_ba24,brain_caudate_basal_ganglia,0.552277140437424,0.04259394448661667,4.346208561983896,0.42470382970439763,0.4943622102330873,0.0761417515215999,0.05322664628868121,0.05274615750305047,7.09241570413336e-05,2.36766843147681e-05,0.7068523682337722,0.3088911999679051,0.3339321142555431,0.11009031905989983,0.21008228508673515,0.06823605059072475,0.13641284921021044,0.0497216236776247,0.08833136166890623,0.034273092011716993,0.0552218017876735,0.020373004121853746,0.03593602702100834,0.012677669271289155,0.022863124700456768,0.010069185806652926
66,SH2D2A,brain_anterior_cingulate_cortex_ba24,brain_cerebellar_hemisphere,0.5000672453313623,0.06043658161634628,4.465567365989766,0.33966955787750786,0.4719784840540173,0.09070103486734284,0.04975349088047443,0.04396788223041931,7.000418593969217e-05,2.4975614243694208e-05,0.5649315796144428,0.20843634815971246,0.29454839327978716,0.08894271158255337,0.18813299022250096,0.06573198995916801,0.12414281035940118,0.042637152460431614,0.07966752653092654,0.030203639112967143,0.05050916943180672,0.016785060210708788,0.031709551426649205,0.009950178864903358,0.01976136268186132,0.007784414393063486
67,SH2D2A,brain_anterior_cingulate_cortex_ba24,brain_cerebellum,0.49831687282428483,0.050807213939031814,4.326511909117207,0.43510884079926165,0.45611806569041197,0.08797048071419751,0.0493759726265023,0.043449884553132256,6.688546072960834e-05,1.868215480030302e-05,0.5829692750684276,0.22694639599823396,0.2991523644214165,0.08486651477096074,0.18290867754275886,0.056527899964480995,0.12156146816246156,0.04015787344450772,0.07611091846704923,0.02791927933876227,0.05001308748262595,0.018012671965159554,0.031163463434444566,0.01017052407091058,0.019322719888939348,0.007216961188701595
68,SH2D2A,brain_anterior_cingulate_cortex_ba24,brain_cortex,0.7083728794550153,0.04275438712340154,3.462638666614022,0.30991075557092845,0.6540432814557732,0.07056286297864167,0.05643020734145445,0.04433622991082733,8.153839718254868e-05,2.5175812892689395e-05,0.8444200868771539,0.3033394971101678,0.34509409402279645,0.10308814199523562,0.20881674314492824,0.0733300769791825,0.12975330536290872,0.04135632363824577,0.08220546530042099,0.028493300438737993,0.051697842981341925,0.019358790777239548,0.032840734353457746,0.011058756963723977,0.019906440401586796,0.008881568048192595
69,SH2D2A,brain_anterior_cingulate_cortex_ba24,brain_frontal_cortex_ba9,0.7844468281931379,0.03546464073207853,3.436872153997803,0.2484279726222645,0.8006055119880287,0.05516287581688864,0.023170623662851046,0.02232075133857998,3.3562101579895254e-05,1.271137060055669e-05,0.906278720259286,0.2560124353807767,0.36368340721077774,0.10785127169151446,0.22914031317952963,0.07548395870648995,0.137447303793429,0.044828122453855763,0.08695918362357458,0.03208323690915355,0.05442917944168145,0.01940957067711937,0.03328017890947586,0.011451605313008918,0.02052782347439582,0.007819121377032357
70,SH2D2A,brain_anterior_cingulate_cortex_ba24,brain_hypothalamus,0.5578853547803087,0.06346484533691923,4.061341895285217,0.33474474700620127,0.5166973440875526,0.10541623313390623,0.09163009465002628,0.10948723982680077,8.9727717846495e-05,4.536191142221064e-05,0.8746044296296167,0.28723897418820216,0.3976377366009526,0.12211869582990928,0.23653486074912505,0.07625732752472376,0.16300936598034016,0.05874518804574118,0.09891755839155147,0.04060582032288066,0.06302958614819196,0.021780438116983596,0.03819677598170826,0.012673408910687417,0.02495292699950099,0.010814934207332825
71,SH2D2A,brain_anterior_cingulate_cortex_ba24,brain_nucleus_accumbens_basal_ganglia,0.5960739790248943,0.049901878418429385,4.058111643012431,0.31677492551981806,0.6180516264222893,0.0932142463012253,0.036306184894065174,0.03727751644969689,4.8268672987719297e-05,1.9973179711383653e-05,0.8332885537062605,0.3262233858151038,0.3625008860313849,0.11120251411662586,0.230059985540765,0.07934538231938114,0.14870989112471594,0.05617316633315206,0.09166496033950577,0.0344545128027888,0.059377328084055436,0.02150456547378368,0.037761012771279606,0.013656296594835719,0.02362215576965576,0.010642580872590842
72,SH2D2A,brain_anterior_cingulate_cortex_ba24,brain_putamen_basal_ganglia,0.5134424565435516,0.043127963880199044,4.316738045393789,0.4071436516385937,0.419396358687702,0.06820518129068624,0.07681454327218787,0.061806161094664934,0.00010673117722353079,2.8096504151224884e-05,0.7269537120562976,0.30524458296046925,0.3321400893741807,0.10455810649601698,0.21008676165745324,0.06979029074388182,0.13776535526369593,0.04862099172401297,0.08614490007106068,0.031410830792951615,0.05470036619066869,0.018938864263660222,0.03547622206888805,0.013037569864632045,0.022674265084242872,0.008428044170845264
73,SH2D2A,brain_anterior_cingulate_cortex_ba24,brain_spinal_cord_cervical_c-1,0.4607358589172444,0.07652070997558788,4.401007977796688,0.33830373168663863,0.37364445029045984,0.09703787918780067,0.16707390767996935,0.15539853772600412,0.0001521552227237296,5.295200614346003e-05,0.7828714895047277,0.3438098914189359,0.37874364094579976,0.12691731220351218,0.2324568436728141,0.08222277509677188,0.1540514836272663,0.053595746678822984,0.0982812958272948,0.03687786998203746,0.06357630339750474,0.023130481164535678,0.039194428377134286,0.01323252644250915,0.02484044403109648,0.00988007537116509
74,SH2D2A,brain_caudate_basal_ganglia,brain_cerebellar_hemisphere,0.4717833585328889,0.04989380399786741,4.5371346346747865,0.40219002069895604,0.450734616610878,0.05697794679204573,0.08315661076541285,0.0684494404082274,0.00010391064277592557,3.141767231203383e-05,0.6005524554291481,0.25807185753706186,0.30657404928672854,0.11232164563599559,0.20014023432050104,0.07451127359879753,0.12444567119610439,0.05226671230501455,0.08117072846915721,0.03005740938809335,0.05074015710896533,0.017387756269979075,0.03286145682284293,0.011531969935020904,0.020932944174805235,0.009493259122135968
75,SH2D2A,brain_caudate_basal_ganglia,brain_cerebellum,0.4696378067891206,0.05397027007314893,4.46034958475641,0.4099559662061992,0.4286269838271878,0.0794328934161936,0.05506916467354121,0.04077547693951002,7.795285429312211e-05,2.1797873742539137e-05,0.6399790348892026,0.28611782150648213,0.30052184972866575,0.1084776831243641,0.19157758338861614,0.06716842224284024,0.12215274860309977,0.04814692019128105,0.07793927031645012,0.02893096433592094,0.04951161473063373,0.01750895548331907,0.03298453478964948,0.012380570667516484,0.020459195365156665,0.009136055057738965
76,SH2D2A,brain_caudate_basal_ganglia,brain_cortex,0.5151185106583362,0.05158896460196458,4.537064091538616,0.3954130376398129,0.5244673809648999,0.08088654875760111,0.037138450113370344,0.03143640610663925,6.676323194974742e-05,2.7975702056581424e-05,0.6182358128046179,0.2670826137209418,0.3074521457264176,0.11563652821429402,0.1958415464175491,0.07270745954694975,0.12988634391267054,0.04846592866372921,0.0836560004843104,0.03193369657014723,0.05287752474573639,0.020204531182072598,0.03482287652223219,0.014716883414169804,0.02206143504946407,0.011029244042756417
77,SH2D2A,brain_caudate_basal_ganglia,brain_frontal_cortex_ba9,0.5603414719394302,0.04298913750506831,4.446592890508003,0.34810151710605614,0.5337086466745857,0.07591803225175843,0.041196349744455504,0.030567566376379942,6.764117691753299e-05,2.6487108521756088e-05,0.665861515835232,0.27417633632513616,0.32190181643004256,0.11187388284468062,0.20716691801670226,0.07067952094181157,0.13499755659046092,0.05101526212306542,0.08852658394491675,0.03425376011658993,0.05452338027706988,0.02031989367587021,0.03493172678735807,0.013808625570734753,0.02246229539387055,0.009049857007663791
78,SH2D2A,brain_caudate_basal_ganglia,brain_hypothalamus,0.5242272063956416,0.06455242310760834,4.082582093207078,0.4276586170968014,0.5523307467244901,0.09706208171111083,0.05990370590106351,0.05552964337753633,7.993738749914573e-05,3.590302499570711e-05,0.860388549494577,0.3794987738960366,0.41703982101683607,0.17398285908123554,0.24927499460871663,0.08748698140878042,0.1608585872900551,0.06989280487917128,0.10147564811355184,0.041147618257764196,0.0631712797326586,0.024975466847313957,0.04125056913643246,0.01756479196809298,0.026782654386783428,0.013341402829421384
79,SH2D2A,brain_caudate_basal_ganglia,brain_nucleus_accumbens_basal_ganglia,0.6467428663388858,0.04953311191712805,3.5359381542426696,0.4733667452779023,0.6289924779553092,0.07253473625094928,0.04424185881099381,0.03721262222237884,7.738019302470286e-05,2.3153271536690116e-05,1.03036928464519,0.5234444243464246,0.41560508764258,0.16427206965141167,0.2421200739868528,0.08555869928797055,0.15106955467904173,0.061951704283327545,0.09503769717235497,0.03857073022376583,0.05936944060538361,0.02420203384354637,0.03961542122153827,0.018374757714600218,0.02522197143357226,0.013288789153996639
80,SH2D2A,brain_caudate_basal_ganglia,brain_putamen_basal_ganglia,0.8408591782399852,0.026920931769090543,2.6039952850167634,0.3787532080480942,0.8322124622457837,0.03833001698327512,0.03757905696767673,0.02686809122158956,9.138113087804053e-05,3.282037469383533e-05,1.525435717016515,0.6553021496356825,0.43928956433104344,0.14339900239561768,0.23242882031885825,0.07974598466560966,0.1432324796595213,0.05628457987552651,0.08952038867374203,0.031238112802814057,0.05690875273344494,0.022768117686812136,0.03643389035429804,0.015674646103339733,0.02262512376007215,0.00958154136335328
81,SH2D2A,brain_caudate_basal_ganglia,brain_spinal_cord_cervical_c-1,0.4389817772758546,0.061617693981929574,4.347383725390506,0.3512653899421562,0.39554962293575774,0.0900254625861198,0.15570825698716534,0.0986241439065081,0.00020365586154246735,4.946816199184913e-05,0.8153912133044416,0.3896677779483927,0.3892958120466333,0.16388855007730135,0.2303370877193959,0.08645859428412246,0.15433782190404963,0.05972660220590287,0.10168333642565623,0.042041437181298644,0.06524770764429762,0.026628926787199705,0.04062891580117954,0.015440535987009295,0.026781943301513,0.012423366278246181
82,SH2D2A,brain_cerebellar_hemisphere,brain_cerebellum,0.7093880230977718,0.04730997579206261,2.9950295849217285,0.25351978991350294,0.6782023500608257,0.0599132075986052,0.05414386269735054,0.04767570248872666,0.00011764039700266065,4.399742523637436e-05,0.9508746321584628,0.2881286937331448,0.4212436548979987,0.13462071760541167,0.20058721126400733,0.07299473920922145,0.11453568900363878,0.043099461643436116,0.07282647550087398,0.026706102056716474,0.044848876155399627,0.015482856705835229,0.0283911325335434,0.0091075475266894,0.017233161974261568,0.00696690422993418
83,SH2D2A,brain_cerebellar_hemisphere,brain_cortex,0.48356684228276314,0.06853280610687851,4.423104624298545,0.3793419492841482,0.4663175703382004,0.11572515083265653,0.06717050574628086,0.0672045740877044,8.666536234060447e-05,2.9709912083627354e-05,0.5373054673979742,0.217778241384077,0.27599701101983015,0.09073461173780153,0.17511326734179905,0.06255765823204706,0.11606919315294462,0.045048809828950716,0.07371638573294334,0.02587225513633307,0.048003352415030696,0.016451418072610777,0.03086497697099084,0.010309227935067727,0.018911209522042782,0.008243946473707022
84,SH2D2A,brain_cerebellar_hemisphere,brain_frontal_cortex_ba9,0.5202401888188972,0.060183626218634614,4.413542622045136,0.31640829336557963,0.5007258541421452,0.08885386044359275,0.056229005752437625,0.044843330028439966,7.401809926454901e-05,2.1898573777437285e-05,0.5642580419980504,0.20520385624618104,0.289425639536121,0.09216114989863261,0.18496788693935542,0.06313307422686859,0.12082577342458604,0.04717000828691589,0.07842531073634564,0.029257672038585526,0.049922327024161786,0.01662211274770919,0.03123356095769613,0.00994745104723335,0.019406966078089973,0.0073822219539206235
85,SH2D2A,brain_cerebellar_hemisphere,brain_hypothalamus,0.44600092955779197,0.06353446439877955,4.450939261039489,0.3499215909715271,0.42263170754417256,0.07752492013930105,0.12106782834295304,0.11494663669674739,0.00013352422665576625,5.484541570852573e-05,0.6761438652101802,0.2525058145740035,0.3489926649733931,0.1132081090062805,0.22347357896605952,0.08763530110372235,0.14157499507054946,0.05494493653392881,0.08723488360989477,0.03092590778423191,0.05717126669575601,0.020643687331542038,0.03520045561213912,0.01179547196679849,0.022769438749017944,0.010000320302147682
86,SH2D2A,brain_cerebellar_hemisphere,brain_nucleus_accumbens_basal_ganglia,0.4630299843497978,0.05573728997094124,4.546634149645259,0.31344428390942813,0.48358642784365014,0.06447813659155585,0.061470294706432616,0.057475176353658085,8.67692847280051e-05,3.885413446059153e-05,0.5892649818487053,0.231425664674115,0.31819141463930006,0.10562160090702939,0.21023718338260147,0.0791340749840284,0.13168989960942779,0.05700260509802549,0.08398639939423402,0.0321989334478831,0.05382369966874713,0.019648214435685957,0.03441940070565224,0.01228326386028643,0.0217333503145088,0.009504496473322547
87,SH2D2A,brain_cerebellar_hemisphere,brain_putamen_basal_ganglia,0.4346990808626282,0.03338242754258624,4.500094878816056,0.39234259272649213,0.3782160482983891,0.049372255679473356,0.11402984115012878,0.09195014110361038,0.00012775782376159623,3.560505703140547e-05,0.5842359334134722,0.22348025768739777,0.30863080817858235,0.10718529890717086,0.2006704343418099,0.07214645037961327,0.12176547094074075,0.04834696139225999,0.07978548098997248,0.026834305886940208,0.05037217834615958,0.01570752753450286,0.032492586613335046,0.011840572403011106,0.020451874012901848,0.007908269164299802
88,SH2D2A,brain_cerebellar_hemisphere,brain_spinal_cord_cervical_c-1,0.4134452833050365,0.06519802604699784,4.339088072559929,0.36560764355953684,0.340656231998283,0.07817345569287996,0.15586541692750416,0.10463328520995017,0.00020610628466216028,5.5122238745649944e-05,0.6826834073770842,0.24875361564350976,0.3576595048104355,0.12440879338933959,0.216834271708391,0.08416151216563843,0.1392408369067105,0.05128328611957743,0.0895435596322686,0.033600379659877756,0.05630805294987505,0.019430851575525536,0.03554619039829916,0.011816376480352183,0.022417436974107557,0.009153497014033087
89,SH2D2A,brain_cerebellum,brain_cortex,0.5165125426890786,0.06536704231672646,4.117043915339742,0.44715533378113187,0.5193170735927719,0.10990629465503687,0.03375578845138883,0.03004151532586222,5.350042523007049e-05,2.158194847934304e-05,0.6021194385286799,0.2923733220654197,0.2968460348050367,0.09960324781379004,0.1768513851934626,0.0607829319980925,0.11855459522610871,0.045684847182505046,0.07422837147628855,0.02615483075146418,0.04718469389970929,0.01659016628154659,0.029884668744603476,0.010402759212130243,0.018260090321626916,0.007742336800264666
90,SH2D2A,brain_cerebellum,brain_frontal_cortex_ba9,0.5081905644755634,0.05558240892582339,4.371414352547701,0.36607917523866057,0.48853030001366465,0.0903376877574512,0.05113407459781087,0.04016637138105572,6.507968552479512e-05,2.2594606710932458e-05,0.5481096293201639,0.20357222849328396,0.2896850150673453,0.0910217696513035,0.1777958036766732,0.05564847536259079,0.11993180212817198,0.045888690101894176,0.07510950344060424,0.027143887494608807,0.04904406551948244,0.01717700476618722,0.030483448226173944,0.01010528807893033,0.019068961197612075,0.007038545362746
91,SH2D2A,brain_cerebellum,brain_hypothalamus,0.4495405769007267,0.06120145551669312,4.310649045153532,0.38407767350128574,0.42597783718103593,0.08415975069360536,0.09669400861991402,0.0820683636766368,0.00011975260502619522,3.260590788205433e-05,0.7348618879504076,0.3133622529875836,0.3540023231984809,0.11896508450060872,0.2123685559856115,0.07625045165421793,0.13861296909920368,0.051162298395205315,0.08579388688830644,0.03365343011501164,0.05648867824003632,0.019855914303141577,0.03523529637636778,0.01163231679122026,0.0220385647545702,0.009825167147148038
92,SH2D2A,brain_cerebellum,brain_nucleus_accumbens_basal_ganglia,0.46450697045331646,0.06265566104076538,4.408438121160041,0.4179624347702398,0.4473325255189898,0.09327422104913098,0.06680945600261443,0.051862917831985184,9.285951458503421e-05,2.6599760507300087e-05,0.6457060647771559,0.3163878279846128,0.31283771966796275,0.09955846319678961,0.20426822403993236,0.07064391170891747,0.1297368693920086,0.053256805649909145,0.0810061496309452,0.03250546111826583,0.052778430714093195,0.018289378920018903,0.0349735143190386,0.013441289581670455,0.02091683066237347,0.00905709256124064
93,SH2D2A,brain_cerebellum,brain_putamen_basal_ganglia,0.43100090505004224,0.046393176804788216,4.509527149161928,0.40869091692923454,0.3685716068988534,0.06243449424700318,0.0640860808801649,0.03881666274956875,9.651541337540061e-05,2.4819169422415036e-05,0.6172248530616402,0.26026455398375153,0.29979572679249633,0.09259079140615052,0.1909010264273523,0.06494347761499861,0.12015740153357975,0.04593400929297365,0.07623528465551878,0.024003958661516476,0.04965570192576345,0.016798023838822788,0.03264743034520102,0.012282572072907588,0.019849186540512202,0.007268565698586251
94,SH2D2A,brain_cerebellum,brain_spinal_cord_cervical_c-1,0.40573392324628593,0.06957206584201792,4.300475560662101,0.41618914160664033,0.3341214180729311,0.08138020748794049,0.12479490615142423,0.07702139363199723,0.00016530619478685214,4.0110946164184985e-05,0.7149535480594232,0.30452049712993484,0.3401508130025427,0.10816990438304222,0.21053109477663817,0.07442491422777066,0.1390143448441417,0.05302263453003134,0.08683161334059997,0.03269342705920938,0.05599903072160818,0.018987809249979965,0.03552519012810963,0.011797833673253388,0.02170061255287781,0.008691210483467066
95,SH2D2A,brain_cortex,brain_frontal_cortex_ba9,0.7955855403962422,0.03423218976406944,3.2303270534811395,0.38387429437657244,0.7641466855722524,0.05485867022755117,0.040523893779216315,0.019645382762726062,8.391844554770881e-05,2.857982237871417e-05,0.9012767458124327,0.2732906803857619,0.3596178110787295,0.13254337891036902,0.20736508426143535,0.06900533313438124,0.13127080046588208,0.04622990812480386,0.08095755882912713,0.030290152027899444,0.05019662624319636,0.017299662448146215,0.03267245418665456,0.012353808353617948,0.019258245875454043,0.007943546099878816
96,SH2D2A,brain_cortex,brain_hypothalamus,0.47372908977964634,0.06749068415594216,4.476121312870992,0.32238378523117334,0.49149691622565655,0.09958001676657213,0.0686094367302987,0.05603972347611698,9.690705716698454e-05,2.8014033539583565e-05,0.6960317631273764,0.3009964368238257,0.3438825798304065,0.1306166327081491,0.21768690963859988,0.07899001404366175,0.14721736788033923,0.055279973910246145,0.0905408716161846,0.03574034800921765,0.05998217505392317,0.020237102112311944,0.0384186596071868,0.015104912398778654,0.023291174391130206,0.011250139317754265
97,SH2D2A,brain_cortex,brain_nucleus_accumbens_basal_ganglia,0.5079183682284983,0.05602480610035515,4.446858197028864,0.36737222692357047,0.49317243410889644,0.09912652462136522,0.05283745091958129,0.04475665160012856,7.387377399601928e-05,2.8857881810245305e-05,0.6582628045847978,0.30412464225045316,0.30855105437758673,0.10395748824083413,0.20718742096121776,0.07640110617946716,0.13878290592811052,0.053007479759094416,0.08631138036024981,0.034584075748986344,0.05502942812080421,0.019436007028504513,0.03674761960461026,0.015540688374734522,0.022803376788717494,0.01160066462003171
98,SH2D2A,brain_cortex,brain_putamen_basal_ganglia,0.4805749764353326,0.052227375541214316,4.482038367174114,0.41355521170447784,0.4275307767722046,0.08228881952507776,0.046997334782346516,0.0438686691607482,7.290317414204508e-05,3.054144613814658e-05,0.6464745053795388,0.27526662988686534,0.30250375937203644,0.10323389068370063,0.19884166548924703,0.07476383147542719,0.12764238913272935,0.04429799167519362,0.08124001252209431,0.027820254160991036,0.051767699716692483,0.01857926503835263,0.03452944254181622,0.013917656485567668,0.021508226227236672,0.008985637100670449
99,SH2D2A,brain_cortex,brain_spinal_cord_cervical_c-1,0.42861175493372194,0.07367594020147168,4.408431634065979,0.3849161441410957,0.3706292440134799,0.09738524945638397,0.10862269179423796,0.08139965933489468,0.00014810277279303567,4.00930185754978e-05,0.7078627183022476,0.35358979452889433,0.34265429410795234,0.1165889580539882,0.21675178782962892,0.08593465125567874,0.14457495264134068,0.0531862060519708,0.09241584172401121,0.03764045273799006,0.059861986863766606,0.021799983333813684,0.03815607536160143,0.013309553167462638,0.023168587272800748,0.010952855217374602
100,SH2D2A,brain_frontal_cortex_ba9,brain_hypothalamus,0.520235950271976,0.0694227361416673,4.406621066202951,0.28307305528736365,0.5256427772359472,0.09880268253865264,0.06432786323088639,0.06084072795198188,8.251736298006182e-05,2.5068071494913686e-05,0.7551072027581982,0.28583127123837426,0.3605876467792595,0.12082685563180373,0.23193157319073993,0.07494691342342656,0.1576452329982576,0.06045199300969339,0.09637788256880805,0.0364681883473087,0.06294970935445356,0.022357068656053476,0.03806777123917503,0.014352082782684199,0.024123030330009808,0.009536706616998016
101,SH2D2A,brain_frontal_cortex_ba9,brain_nucleus_accumbens_basal_ganglia,0.5554540174902751,0.059558053477041926,4.407302740067373,0.30167168712121734,0.5704733239818266,0.09723559737897837,0.03156367220295994,0.026497887696965216,4.7262428053602786e-05,1.515498093723663e-05,0.696197885957836,0.2620515881624644,0.32830059710438675,0.10577184447811994,0.21922193023459274,0.07421270128991651,0.1453053786624099,0.05575533775956162,0.09118693577626866,0.036739928258092934,0.05773292886221204,0.021095644722681255,0.037267787772461765,0.014607236898785951,0.023214577086288813,0.0095001446582356
102,SH2D2A,brain_frontal_cortex_ba9,brain_putamen_basal_ganglia,0.5346442863764989,0.04441716885849934,4.298051030133541,0.3473535312557204,0.44693530029827305,0.0742480933537595,0.06722090369695506,0.0570619980209238,9.88510869808037e-05,2.490567275931431e-05,0.7207784049466389,0.2917012089939478,0.32847236845428246,0.10600646480892019,0.20943274560672762,0.07181729496566945,0.13553290834805679,0.04964258910636025,0.08450059270753267,0.02938640481837018,0.053239748847831836,0.018217967015840057,0.03474492760302429,0.013205028012033368,0.022172035966110636,0.008240372717555799
103,SH2D2A,brain_frontal_cortex_ba9,brain_spinal_cord_cervical_c-1,0.46183949100472965,0.07963022648289966,4.39664962900601,0.45111220486741566,0.38210122893991444,0.1006716795643237,0.14162978265052792,0.11484634408892565,0.00014587757831140827,3.472551238002982e-05,0.7679654794986316,0.34605803178296535,0.34805869106657916,0.1102101279627818,0.22050881621252832,0.07770253090226557,0.14942005061672398,0.05712543627152144,0.09961421979299433,0.04015619777229751,0.06154755491766446,0.022506691077624298,0.037934373139808034,0.012476015722491893,0.02437830977176472,0.009545461551015365
104,SH2D2A,brain_hypothalamus,brain_nucleus_accumbens_basal_ganglia,0.5708733011346087,0.057423857538273136,3.808004612924763,0.3870853657925317,0.5143211443882112,0.08730950187755354,0.08515601958801189,0.09622916246864273,0.00013014043483907525,6.283780912336913e-05,1.0051495892706321,0.3822683704335363,0.4345343500635863,0.1401774606217322,0.2636258693290173,0.09476260864178629,0.17858186778798163,0.07499309418196935,0.10489833779490258,0.041103309885086016,0.0682732248683013,0.026836774803803042,0.04391039135903484,0.018751109476964962,0.027928281793409237,0.014499000128903202
105,SH2D2A,brain_hypothalamus,brain_putamen_basal_ganglia,0.4892498899829514,0.05808632684576351,4.009215641838776,0.35140158419351747,0.4685891242507288,0.07411213162694072,0.06799208017620272,0.05529867285915722,0.00010559947513480168,3.9158179997424294e-05,0.8773965954643396,0.35845688768302003,0.3876047541519623,0.11909617190647095,0.2415850485947828,0.08566328126708463,0.15981502306620574,0.06796762904392646,0.09912307251389466,0.03537039313941825,0.062414982705350855,0.021864563208562025,0.04027030540360763,0.015988669329270094,0.026321443958874785,0.010975884362531496
106,SH2D2A,brain_hypothalamus,brain_spinal_cord_cervical_c-1,0.4836410756086476,0.07258179421808665,3.8788411014428648,0.3799485204480467,0.4590238884477863,0.10474016191763576,0.11234862805100651,0.07913843773878859,0.00018386576709003284,5.967062431691702e-05,1.0449216239931545,0.423977951516133,0.45772634349698815,0.16142959197382545,0.26318907084069937,0.09204511166650509,0.18271704082811335,0.07672974826275679,0.1154551193361842,0.04590012687662402,0.07505994075439482,0.02977064267237601,0.045310046002053864,0.016571838397462627,0.028951482993359978,0.012830030249601327
107,SH2D2A,brain_nucleus_accumbens_basal_ganglia,brain_putamen_basal_ganglia,0.5919305914627585,0.04326212480696288,3.5508289748124127,0.44556371678517265,0.5180717908818698,0.05597891663099533,0.06356044579504985,0.046084981292645634,0.00011903266917127199,3.072572497723202e-05,1.0232773156494213,0.5082967011884352,0.41330867486701817,0.14526472658750408,0.23443790209944132,0.07990076072037253,0.1514960900543269,0.06270887004361647,0.09158977970886133,0.0330366439144001,0.05962215037580648,0.021976981933608336,0.0388379398956976,0.017078776429315733,0.02434040977678776,0.010018510275551305
108,SH2D2A,brain_nucleus_accumbens_basal_ganglia,brain_spinal_cord_cervical_c-1,0.4524583622001039,0.06876225200262193,4.380575138481306,0.3537620373376197,0.3991287313717321,0.08183394801202831,0.1598035698172801,0.12951680066722238,0.0001939767023228287,6.135498017348141e-05,0.8797817946408918,0.400620320915418,0.3989033792148039,0.14808548493014437,0.2499642523019577,0.09207043293407086,0.17166333035108017,0.07020476324517776,0.10634063493496466,0.042980469559014904,0.06717693216824613,0.02602274174042445,0.04349525834904569,0.017004338870852422,0.02830112942865127,0.013333478794528758
109,SH2D2A,brain_putamen_basal_ganglia,brain_spinal_cord_cervical_c-1,0.42155809089706986,0.052357170034488386,4.271413890948054,0.36342375056113635,0.3822343281511532,0.09178021916522344,0.1393431037817745,0.09000219215460314,0.00017680175799796594,5.333574549642285e-05,0.8461172791707929,0.37187730514907935,0.38609681790932565,0.15323235292011436,0.22609889054883578,0.07566661333257702,0.15584241210688318,0.05880347416957093,0.09877864186067256,0.03672809451703127,0.062431737553303134,0.022717805680393263,0.04079923290972793,0.016581030996008165,0.025707375174457942,0.009435237064454934
