cv_repeat,response,method,task_balanced_standardized_mse,task_balanced_raw_mse,tissues
0,JAM2,ARMUL,0.2900058639222927,0.07092894198563159,11
0,JAM2,COVER,0.2831683255587731,0.06960004162302556,11
0,JAM2,FLARCC,0.292791182150016,0.0717002672850051,11
0,JAM2,HPS,0.2931248663832721,0.07127018131715392,11
0,JAM2,MMoE,0.3117544063311546,0.0753082744928382,11
0,JAM2,Pool,0.317035477483248,0.07814034802367888,11
0,JAM2,STL,0.3146888176916767,0.07569776694191253,11
0,SH2D2A,ARMUL,0.6729943812312615,0.0581471101069875,11
0,SH2D2A,COVER,0.6578330848803213,0.05646436887414421,11
0,SH2D2A,FLARCC,0.6773830552118972,0.058685861569149726,11
0,SH2D2A,HPS,0.682414971292531,0.05907518758406272,11
0,SH2D2A,MMoE,0.7478648069221606,0.06417474550309878,11
0,SH2D2A,Pool,0.6533802561416568,0.05665974150127042,11
0,SH2D2A,STL,0.7640684401114826,0.06524591996992513,11
1,JAM2,ARMUL,0.27531283702463494,0.06632130724717483,11
1,JAM2,COVER,0.2755457412757399,0.06643575045416948,11
1,JAM2,FLARCC,0.28109184555548605,0.06802619723766819,11
1,JAM2,HPS,0.275607768355934,0.06621952031442281,11
1,JAM2,MMoE,0.29306089613168457,0.07234060347485438,11
1,JAM2,Pool,0.3139916713576228,0.07593145530513654,11
1,JAM2,STL,0.3087698243400532,0.07505674702040153,11
1,SH2D2A,ARMUL,0.6465347140775899,0.05659344986062587,11
1,SH2D2A,COVER,0.6413884661745537,0.05621489882156938,11
1,SH2D2A,FLARCC,0.6440892195805362,0.05674726166780086,11
1,SH2D2A,HPS,0.6524240754196302,0.057034900824101765,11
1,SH2D2A,MMoE,0.6921861535403554,0.06053701368869094,11
1,SH2D2A,Pool,0.6691395511232902,0.05878777290147305,11
1,SH2D2A,STL,0.7297772982557931,0.06375265834536542,11
2,JAM2,ARMUL,0.2828949619702104,0.06818699990302417,11
2,JAM2,COVER,0.28712058273691565,0.0696381314748051,11
2,JAM2,FLARCC,0.2917056004311791,0.07063278631523537,11
2,JAM2,HPS,0.2861434478920091,0.06935847414913408,11
2,JAM2,MMoE,0.32286374492426284,0.07741166928596667,11
2,JAM2,Pool,0.3372485850630691,0.08287483112362769,11
2,JAM2,STL,0.3186588434102667,0.07716988591135167,11
2,SH2D2A,ARMUL,0.6738135719361146,0.05628986343447757,11
2,SH2D2A,COVER,0.6853153587803491,0.05759112344615043,11
2,SH2D2A,FLARCC,0.7041331516030277,0.05865845287340887,11
2,SH2D2A,HPS,0.6796113977733363,0.05661557205624332,11
2,SH2D2A,MMoE,0.7342298045032365,0.060560780559136385,11
2,SH2D2A,Pool,0.6655204299882608,0.0557989750609793,11
2,SH2D2A,STL,0.8140479760559483,0.06688970185334835,11
3,JAM2,ARMUL,0.2619081892016745,0.06482549606297075,11
3,JAM2,COVER,0.26559510700261063,0.06577439529395333,11
3,JAM2,FLARCC,0.2692943080406335,0.06679045760438378,11
3,JAM2,HPS,0.27038464902210957,0.06695632295167145,11
3,JAM2,MMoE,0.2937297224290988,0.0720208947988942,11
3,JAM2,Pool,0.3147989276377035,0.07684899951397459,11
3,JAM2,STL,0.31550357217570874,0.07689208739697265,11
3,SH2D2A,ARMUL,0.8275669906887722,0.06239856156579082,11
3,SH2D2A,COVER,0.827464106601155,0.06314140273188279,11
3,SH2D2A,FLARCC,0.8511488067117008,0.06362486679313188,11
3,SH2D2A,HPS,0.8500137784750741,0.06319541342180801,11
3,SH2D2A,MMoE,0.9325587162840006,0.06943581055528651,11
3,SH2D2A,Pool,0.8262910719176692,0.062811506744106,11
3,SH2D2A,STL,0.9059713142856561,0.06826618966459673,11
4,JAM2,ARMUL,0.2857482299961849,0.06884647028111418,11
4,JAM2,COVER,0.283957573056135,0.06876550328402667,11
4,JAM2,FLARCC,0.29370312931602804,0.07096198712964673,11
4,JAM2,HPS,0.28968842550524876,0.06937626989220455,11
4,JAM2,MMoE,0.3403620172456771,0.0817291370915891,11
4,JAM2,Pool,0.308440169275323,0.07417978865185375,11
4,JAM2,STL,0.3437249725146109,0.08175300009672597,11
4,SH2D2A,ARMUL,0.6423344784816994,0.05739990758254434,11
4,SH2D2A,COVER,0.6240292069687804,0.05621925827886686,11
4,SH2D2A,FLARCC,0.6513417879062182,0.0582795230916678,11
4,SH2D2A,HPS,0.6481415637732028,0.05761094568305533,11
4,SH2D2A,MMoE,0.7301766542303103,0.0640897870972189,11
4,SH2D2A,Pool,0.6596110373445792,0.05923020197102475,11
4,SH2D2A,STL,0.7655369415731944,0.06698606371736508,11
5,JAM2,ARMUL,0.28526989195542835,0.06928841108879231,11
5,JAM2,COVER,0.2833154065114367,0.06842989360002666,11
5,JAM2,FLARCC,0.2930339566712258,0.07109608809139317,11
5,JAM2,HPS,0.2917925083220752,0.07053999755216926,11
5,JAM2,MMoE,0.31116274979801506,0.07533954336781203,11
5,JAM2,Pool,0.3221223839892675,0.07775181014284781,11
5,JAM2,STL,0.32312541184905064,0.07837267192024815,11
5,SH2D2A,ARMUL,0.6661376126652793,0.05866330883957207,11
5,SH2D2A,COVER,0.654107197794168,0.05749721338541931,11
5,SH2D2A,FLARCC,0.6676129861398951,0.05884351231022858,11
5,SH2D2A,HPS,0.6787725195652081,0.05954864136081908,11
5,SH2D2A,MMoE,0.7431104747037192,0.06511838846964546,11
5,SH2D2A,Pool,0.6733346645919949,0.060017696914241594,11
5,SH2D2A,STL,0.7602703491378153,0.06642309141636372,11
6,JAM2,ARMUL,0.2664500687709194,0.06459004552093335,11
6,JAM2,COVER,0.27003463176447445,0.06523011424647546,11
6,JAM2,FLARCC,0.2644099016035531,0.06401999326048441,11
6,JAM2,HPS,0.27112568189925224,0.06524252173256712,11
6,JAM2,MMoE,0.2963396358984958,0.07062817019743343,11
6,JAM2,Pool,0.31012637177346575,0.07516484326594251,11
6,JAM2,STL,0.31672247554515204,0.07559307944143168,11
6,SH2D2A,ARMUL,0.7058129350486433,0.06317439271288953,11
6,SH2D2A,COVER,0.6767669356896886,0.06021262188004122,11
6,SH2D2A,FLARCC,0.680466578897568,0.06065874969626936,11
6,SH2D2A,HPS,0.7007230613890094,0.06232120818687856,11
6,SH2D2A,MMoE,0.7172487062183461,0.06420049836105655,11
6,SH2D2A,Pool,0.6739014558193236,0.060424231476709216,11
6,SH2D2A,STL,0.7782372788823266,0.06931739040708475,11
7,JAM2,ARMUL,0.2814061785323109,0.06701238297196141,11
7,JAM2,COVER,0.2808570061713247,0.06757056251906787,11
7,JAM2,FLARCC,0.2852846131030583,0.06808498765794262,11
7,JAM2,HPS,0.2849196074196967,0.0678597717575538,11
7,JAM2,MMoE,0.3233047403088392,0.0777298526086863,11
7,JAM2,Pool,0.31605192177376623,0.07653392820248102,11
7,JAM2,STL,0.32507327151581183,0.07750082309384858,11
7,SH2D2A,ARMUL,0.6474734359174262,0.057448725766456925,11
7,SH2D2A,COVER,0.6520706448178832,0.057170898094455656,11
7,SH2D2A,FLARCC,0.656692721119054,0.0577539421303977,11
7,SH2D2A,HPS,0.6562835113610519,0.05781185319658017,11
7,SH2D2A,MMoE,0.7481507411292903,0.06362329319934713,11
7,SH2D2A,Pool,0.6854197518910514,0.0600320827676835,11
7,SH2D2A,STL,0.7647336474428127,0.06592532795093684,11
8,JAM2,ARMUL,0.27066884158104715,0.06632667837092526,11
8,JAM2,COVER,0.2650998952135405,0.06500065644764579,11
8,JAM2,FLARCC,0.2707697659754481,0.06645487248224034,11
8,JAM2,HPS,0.2644314778900012,0.06469607268698603,11
8,JAM2,MMoE,0.3000960115946554,0.07355469015474482,11
8,JAM2,Pool,0.3062533901882886,0.07442460647143609,11
8,JAM2,STL,0.3217019586618322,0.07752690277012847,11
8,SH2D2A,ARMUL,0.6848844367306476,0.059633439839087206,11
8,SH2D2A,COVER,0.6697362149347952,0.05807734100973463,11
8,SH2D2A,FLARCC,0.6878747387534706,0.05929354714539943,11
8,SH2D2A,HPS,0.6844852781825979,0.05858074227965124,11
8,SH2D2A,MMoE,0.7156574411508358,0.06021388367887856,11
8,SH2D2A,Pool,0.6587837141208602,0.05703169718230183,11
8,SH2D2A,STL,0.7623972312990536,0.06455985451072922,11
9,JAM2,ARMUL,0.28318435982757667,0.06886400918031438,11
9,JAM2,COVER,0.28053712459936686,0.06832455545333466,11
9,JAM2,FLARCC,0.2884026779169217,0.07054336336897446,11
9,JAM2,HPS,0.2941316659556679,0.07116190120155613,11
9,JAM2,MMoE,0.3433436117431708,0.08051274369170401,11
9,JAM2,Pool,0.31339693309962097,0.07542006295432223,11
9,JAM2,STL,0.32956397341665095,0.07776212366891636,11
9,SH2D2A,ARMUL,0.6463902131887913,0.05658016671439419,11
9,SH2D2A,COVER,0.6572662130421644,0.05714329934805774,11
9,SH2D2A,FLARCC,0.6726739169788711,0.05861057766479474,11
9,SH2D2A,HPS,0.6743758642008781,0.05902044873878465,11
9,SH2D2A,MMoE,0.7242061768085369,0.06136686880842415,11
9,SH2D2A,Pool,0.6628239919289162,0.05835567673266046,11
9,SH2D2A,STL,0.7366837923356769,0.06369137835331004,11
10,JAM2,ARMUL,0.2898742754241173,0.07184365931879845,11
10,JAM2,COVER,0.3051760938586755,0.07581681782713824,11
10,JAM2,FLARCC,0.29441395293975314,0.07270876397680977,11
10,JAM2,HPS,0.2907965376747484,0.07093568581846038,11
10,JAM2,MMoE,0.33219529373274576,0.07937585049104533,11
10,JAM2,Pool,0.3356753809590154,0.08339210874782733,11
10,JAM2,STL,0.33607364640796966,0.08020580652003953,11
10,SH2D2A,ARMUL,0.6971872995108686,0.05981266404671797,11
10,SH2D2A,COVER,0.6614757957814598,0.0568277774369977,11
10,SH2D2A,FLARCC,0.6685727767901435,0.05739394863448675,11
10,SH2D2A,HPS,0.7004883182199673,0.0603394270347605,11
10,SH2D2A,MMoE,0.6834844266280843,0.05887429676257386,11
10,SH2D2A,Pool,0.6674713350572288,0.05920946314926973,11
10,SH2D2A,STL,0.776532205468953,0.0659250475363487,11
11,JAM2,ARMUL,0.2839472483507839,0.06928616025096981,11
11,JAM2,COVER,0.28294817623559054,0.06937676301149436,11
11,JAM2,FLARCC,0.28599245948192337,0.07023911258037226,11
11,JAM2,HPS,0.2872964142511623,0.07008799533803035,11
11,JAM2,MMoE,0.34442642112368316,0.08343308173868563,11
11,JAM2,Pool,0.3125473178683152,0.07689954509992684,11
11,JAM2,STL,0.3183179528674445,0.07694993709164373,11
11,SH2D2A,ARMUL,0.7082591133395666,0.058281112438286084,11
11,SH2D2A,COVER,0.7228934220826243,0.05941438859043305,11
11,SH2D2A,FLARCC,0.7143116559483828,0.058809140223861106,11
11,SH2D2A,HPS,0.7399007712841719,0.06030078305091588,11
11,SH2D2A,MMoE,0.7749898960723661,0.06263156070420607,11
11,SH2D2A,Pool,0.661834131928789,0.055344343103015545,11
11,SH2D2A,STL,0.8263965258322162,0.06634132044679275,11
12,JAM2,ARMUL,0.2784899476470391,0.06804884387651658,11
12,JAM2,COVER,0.2736021145352561,0.06660963193162918,11
12,JAM2,FLARCC,0.2820336346414679,0.06896014837601139,11
12,JAM2,HPS,0.27929647150098863,0.06817579865158498,11
12,JAM2,MMoE,0.2940841138797275,0.07238310793726127,11
12,JAM2,Pool,0.31480605182098487,0.07687554731737466,11
12,JAM2,STL,0.31464367626686857,0.07705228986076312,11
12,SH2D2A,ARMUL,0.7009919284419374,0.06048259514026338,11
12,SH2D2A,COVER,0.6856455422425615,0.05862873424950481,11
12,SH2D2A,FLARCC,0.6852225604915861,0.05854844643537085,11
12,SH2D2A,HPS,0.6787765516564414,0.057970060378481444,11
12,SH2D2A,MMoE,0.7367577692061531,0.06339966665616226,11
12,SH2D2A,Pool,0.6821078593919837,0.059502787245092816,11
12,SH2D2A,STL,0.7875223285479894,0.06662710078590856,11
13,JAM2,ARMUL,0.2997813468955908,0.0719200256114913,11
13,JAM2,COVER,0.2952952990402238,0.07079629722284543,11
13,JAM2,FLARCC,0.3076376305082548,0.07388148162453329,11
13,JAM2,HPS,0.3029663089967078,0.07261346578471643,11
13,JAM2,MMoE,0.30921133625611474,0.07555210809643284,11
13,JAM2,Pool,0.32405094525597744,0.07718391020470643,11
13,JAM2,STL,0.31581541845437894,0.07550913887605591,11
13,SH2D2A,ARMUL,0.6393301478445809,0.055702538928739435,11
13,SH2D2A,COVER,0.6466745431354594,0.056401496526417995,11
13,SH2D2A,FLARCC,0.6644593561050892,0.05787629619733345,11
13,SH2D2A,HPS,0.6544940035385328,0.05678788792867673,11
13,SH2D2A,MMoE,0.7839094649150637,0.06599759169280443,11
13,SH2D2A,Pool,0.6706096507755865,0.05841450085128974,11
13,SH2D2A,STL,0.7473295662100091,0.06460600598138873,11
14,JAM2,ARMUL,0.2710830110929743,0.06530964455653912,11
14,JAM2,COVER,0.2705955492948475,0.06520738830636791,11
14,JAM2,FLARCC,0.2739838503706279,0.06596322004322469,11
14,JAM2,HPS,0.2757691395217863,0.06636111623911067,11
14,JAM2,MMoE,0.31595712926655417,0.07543107561826828,11
14,JAM2,Pool,0.3068968060803825,0.07430397824885034,11
14,JAM2,STL,0.3163626052943396,0.07560228666256096,11
14,SH2D2A,ARMUL,0.6884590624006369,0.05955955700300953,11
14,SH2D2A,COVER,0.683674785026014,0.05878159127218793,11
14,SH2D2A,FLARCC,0.6911125157974667,0.059870051768853356,11
14,SH2D2A,HPS,0.6954361139811337,0.059806602806863965,11
14,SH2D2A,MMoE,0.7141675920212222,0.06175377508212731,11
14,SH2D2A,Pool,0.6724919443795071,0.057738934634934,11
14,SH2D2A,STL,0.7833948813620409,0.06710024610181832,11
15,JAM2,ARMUL,0.28587500427048956,0.06794335582652244,11
15,JAM2,COVER,0.28074828634505267,0.06601845908416909,11
15,JAM2,FLARCC,0.2874730143669238,0.06831788598671946,11
15,JAM2,HPS,0.28402222113143555,0.06698910555507265,11
15,JAM2,MMoE,0.3243315244243649,0.07605973315191074,11
15,JAM2,Pool,0.33263867515052775,0.07917209297599449,11
15,JAM2,STL,0.3225106313013384,0.076719335003188,11
15,SH2D2A,ARMUL,0.6855102009776158,0.05396129253783921,11
15,SH2D2A,COVER,0.7067994368714813,0.055325384259508344,11
15,SH2D2A,FLARCC,0.6920037228896487,0.05438794274003245,11
15,SH2D2A,HPS,0.7059357593017631,0.055141805200709305,11
15,SH2D2A,MMoE,0.8095580393033172,0.06277360769880445,11
15,SH2D2A,Pool,0.7322935296121501,0.05724483279767668,11
15,SH2D2A,STL,0.8927509306444505,0.06551105805781625,11
16,JAM2,ARMUL,0.27448626563034595,0.06728375967652694,11
16,JAM2,COVER,0.2735978159516571,0.06662434288485979,11
16,JAM2,FLARCC,0.2790041511392025,0.0686776580276157,11
16,JAM2,HPS,0.27728701826434937,0.06743423166510204,11
16,JAM2,MMoE,0.2927541740021555,0.0707450033424367,11
16,JAM2,Pool,0.31080587294781625,0.07535323126760538,11
16,JAM2,STL,0.3175556690153592,0.07667239893094131,11
16,SH2D2A,ARMUL,0.6585014722163289,0.05650535815003062,11
16,SH2D2A,COVER,0.6963174506588675,0.058880565831898754,11
16,SH2D2A,FLARCC,0.6715915359264927,0.05776527948183013,11
16,SH2D2A,HPS,0.7039992919833384,0.059519669364997065,11
16,SH2D2A,MMoE,0.7202375537745979,0.06203942376109062,11
16,SH2D2A,Pool,0.6501020079138936,0.05708476020800739,11
16,SH2D2A,STL,0.7564221646675885,0.06462840231582483,11
17,JAM2,ARMUL,0.2830221456670517,0.0666370388189398,11
17,JAM2,COVER,0.2917664639678146,0.06911850801161595,11
17,JAM2,FLARCC,0.29227148772598055,0.06893844308346932,11
17,JAM2,HPS,0.29131970098175897,0.06843578054031409,11
17,JAM2,MMoE,0.3148865932443383,0.07344133307166406,11
17,JAM2,Pool,0.3254026217275514,0.07704798605490674,11
17,JAM2,STL,0.3439844811996923,0.08030818474669812,11
17,SH2D2A,ARMUL,0.7446245575098832,0.0596680786657231,11
17,SH2D2A,COVER,0.7170987136414927,0.057594210778398436,11
17,SH2D2A,FLARCC,0.7462700203688545,0.05950482552577457,11
17,SH2D2A,HPS,0.717252025747925,0.05756314757388922,11
17,SH2D2A,MMoE,0.8222257936315636,0.06385711254944024,11
17,SH2D2A,Pool,0.7061497833912227,0.056773297003821915,11
17,SH2D2A,STL,0.850877086929131,0.066458387301798,11
18,JAM2,ARMUL,0.2792209418239774,0.06816964175736967,11
18,JAM2,COVER,0.27978706634591793,0.06808406327402418,11
18,JAM2,FLARCC,0.2883791020780139,0.07012492729438845,11
18,JAM2,HPS,0.283702142625495,0.0689607258090665,11
18,JAM2,MMoE,0.3025035460391418,0.07310949654739118,11
18,JAM2,Pool,0.31715995608443914,0.07716383812163717,11
18,JAM2,STL,0.3255162989818503,0.07875244920973525,11
18,SH2D2A,ARMUL,0.6527756186288506,0.05788040635683503,11
18,SH2D2A,COVER,0.6758380337178644,0.060105982005245556,11
18,SH2D2A,FLARCC,0.663622168276649,0.05878012399484855,11
18,SH2D2A,HPS,0.6663948336297835,0.059029246114378126,11
18,SH2D2A,MMoE,0.7002149563642045,0.06013468100126387,11
18,SH2D2A,Pool,0.6500144439041301,0.05733896426173125,11
18,SH2D2A,STL,0.7956759068407693,0.06789861137090131,11
19,JAM2,ARMUL,0.28409076847983267,0.06945281251751174,11
19,JAM2,COVER,0.2876557218357653,0.07052984535371826,11
19,JAM2,FLARCC,0.29354441443194734,0.0715822029795587,11
19,JAM2,HPS,0.29646088173151813,0.07207147820583011,11
19,JAM2,MMoE,0.3123525977272544,0.07469685380098823,11
19,JAM2,Pool,0.3102808334323386,0.07470876088168209,11
19,JAM2,STL,0.31172017523641815,0.07476560922791377,11
19,SH2D2A,ARMUL,0.6732573568893784,0.05927171139300242,11
19,SH2D2A,COVER,0.6617857236134087,0.058251715142176835,11
19,SH2D2A,FLARCC,0.6830785294436055,0.06026255188034441,11
19,SH2D2A,HPS,0.666566139902059,0.059196166523672836,11
19,SH2D2A,MMoE,0.7744316778776824,0.06776166336080236,11
19,SH2D2A,Pool,0.6515293848850985,0.0580273568172311,11
19,SH2D2A,STL,0.6907763120595206,0.06233549586598183,11
